config,tile_policy,bytes,blocks,tdm_gbps,cu_gbps,tile_bytes
tile256x8_pipe4_iss1,baseline_tdm_write,65536,1,7.292,2.602,
tile256x8_pipe4_iss1,baseline_tdm_write,262144,1,8.042,2.742,
tile256x8_pipe4_iss1,baseline_tdm_write,1048576,1,8.245,2.778,
tile256x8_pipe4_iss1,baseline_tdm_write,4194304,1,8.302,2.790,
tile256x8_pipe4_iss1,baseline_tdm_write,16777216,1,8.315,2.793,
tile256x8_pipe4_iss1,baseline_tdm_write,67108864,1,8.319,2.794,
tile256x8_pipe4_iss1,baseline_tdm_write,268435456,1,8.320,2.795,
tile256x8_pipe4_iss1,baseline_tdm_write,1073741824,1,8.319,2.795,
tile256x8_pipe4_iss1,baseline_tdm_write,4294967296,1,8.328,2.794,
tile256x8_pipe4_iss1,baseline_tdm_write,8589934592,1,8.328,2.791,
tile256x8_pipe4_iss1,baseline_tdm_write,65536,2,12.789,4.847,
tile256x8_pipe4_iss1,baseline_tdm_write,262144,2,15.436,5.375,
tile256x8_pipe4_iss1,baseline_tdm_write,1048576,2,16.229,5.524,
tile256x8_pipe4_iss1,baseline_tdm_write,4194304,2,16.502,5.567,
tile256x8_pipe4_iss1,baseline_tdm_write,16777216,2,16.584,5.579,
tile256x8_pipe4_iss1,baseline_tdm_write,67108864,2,16.610,5.583,
tile256x8_pipe4_iss1,baseline_tdm_write,268435456,2,16.610,5.584,
tile256x8_pipe4_iss1,baseline_tdm_write,1073741824,2,16.613,5.584,
tile256x8_pipe4_iss1,baseline_tdm_write,4294967296,2,16.619,5.584,
tile256x8_pipe4_iss1,baseline_tdm_write,8589934592,2,16.623,5.582,
tile256x8_pipe4_iss1,baseline_tdm_write,65536,4,12.621,8.321,
tile256x8_pipe4_iss1,baseline_tdm_write,262144,4,28.213,9.921,
tile256x8_pipe4_iss1,baseline_tdm_write,1048576,4,30.970,10.564,
tile256x8_pipe4_iss1,baseline_tdm_write,4194304,4,31.894,10.697,
tile256x8_pipe4_iss1,baseline_tdm_write,16777216,4,32.152,10.734,
tile256x8_pipe4_iss1,baseline_tdm_write,67108864,4,32.243,10.745,
tile256x8_pipe4_iss1,baseline_tdm_write,268435456,4,32.270,10.747,
tile256x8_pipe4_iss1,baseline_tdm_write,1073741824,4,32.278,10.748,
tile256x8_pipe4_iss1,baseline_tdm_write,4294967296,4,32.224,10.759,
tile256x8_pipe4_iss1,baseline_tdm_write,8589934592,4,32.219,10.756,
tile256x8_pipe4_iss1,baseline_tdm_write,65536,8,12.689,13.635,
tile256x8_pipe4_iss1,baseline_tdm_write,262144,8,50.043,18.660,
tile256x8_pipe4_iss1,baseline_tdm_write,1048576,8,59.716,20.702,
tile256x8_pipe4_iss1,baseline_tdm_write,4194304,8,62.781,21.262,
tile256x8_pipe4_iss1,baseline_tdm_write,16777216,8,63.897,21.416,
tile256x8_pipe4_iss1,baseline_tdm_write,67108864,8,64.262,21.459,
tile256x8_pipe4_iss1,baseline_tdm_write,268435456,8,64.393,21.471,
tile256x8_pipe4_iss1,baseline_tdm_write,1073741824,8,64.441,21.475,
tile256x8_pipe4_iss1,baseline_tdm_write,4294967296,8,64.404,21.490,
tile256x8_pipe4_iss1,baseline_tdm_write,8589934592,8,64.345,21.490,
tile256x8_pipe4_iss1,baseline_tdm_write,65536,16,12.742,13.726,
tile256x8_pipe4_iss1,baseline_tdm_write,262144,16,50.050,32.985,
tile256x8_pipe4_iss1,baseline_tdm_write,1048576,16,109.906,39.561,
tile256x8_pipe4_iss1,baseline_tdm_write,4194304,16,121.690,41.868,
tile256x8_pipe4_iss1,baseline_tdm_write,16777216,16,125.945,42.541,
tile256x8_pipe4_iss1,baseline_tdm_write,67108864,16,127.604,42.765,
tile256x8_pipe4_iss1,baseline_tdm_write,268435456,16,128.259,42.850,
tile256x8_pipe4_iss1,baseline_tdm_write,1073741824,16,128.489,42.873,
tile256x8_pipe4_iss1,baseline_tdm_write,4294967296,16,128.586,42.881,
tile256x8_pipe4_iss1,baseline_tdm_write,8589934592,16,128.514,42.859,
tile256x8_pipe4_iss1,baseline_tdm_write,65536,32,12.681,13.700,
tile256x8_pipe4_iss1,baseline_tdm_write,262144,32,49.408,53.491,
tile256x8_pipe4_iss1,baseline_tdm_write,1048576,32,182.153,73.387,
tile256x8_pipe4_iss1,baseline_tdm_write,4194304,32,226.139,81.409,
tile256x8_pipe4_iss1,baseline_tdm_write,16777216,32,245.430,84.113,
tile256x8_pipe4_iss1,baseline_tdm_write,67108864,32,251.760,85.006,
tile256x8_pipe4_iss1,baseline_tdm_write,268435456,32,254.359,85.306,
tile256x8_pipe4_iss1,baseline_tdm_write,1073741824,32,255.411,85.412,
tile256x8_pipe4_iss1,baseline_tdm_write,4294967296,32,255.772,85.455,
tile256x8_pipe4_iss1,baseline_tdm_write,8589934592,32,255.800,85.455,
tile256x8_pipe4_iss1,baseline_tdm_write,65536,64,12.678,13.758,
tile256x8_pipe4_iss1,baseline_tdm_write,262144,64,49.394,53.652,
tile256x8_pipe4_iss1,baseline_tdm_write,1048576,64,181.562,128.791,
tile256x8_pipe4_iss1,baseline_tdm_write,4194304,64,373.367,155.146,
tile256x8_pipe4_iss1,baseline_tdm_write,16777216,64,455.425,164.624,
tile256x8_pipe4_iss1,baseline_tdm_write,67108864,64,488.826,168.243,
tile256x8_pipe4_iss1,baseline_tdm_write,268435456,64,500.456,169.346,
tile256x8_pipe4_iss1,baseline_tdm_write,1073741824,64,504.800,169.805,
tile256x8_pipe4_iss1,baseline_tdm_write,4294967296,64,506.324,169.952,
tile256x8_pipe4_iss1,baseline_tdm_write,8589934592,64,506.481,169.958,
tile256x8_pipe4_iss1,baseline_tdm_write,65536,128,12.640,13.682,
tile256x8_pipe4_iss1,baseline_tdm_write,262144,128,49.821,53.560,
tile256x8_pipe4_iss1,baseline_tdm_write,1048576,128,182.763,197.396,
tile256x8_pipe4_iss1,baseline_tdm_write,4194304,128,539.272,278.456,
tile256x8_pipe4_iss1,baseline_tdm_write,16777216,128,743.144,312.476,
tile256x8_pipe4_iss1,baseline_tdm_write,67108864,128,906.602,330.274,
tile256x8_pipe4_iss1,baseline_tdm_write,268435456,128,969.967,334.726,
tile256x8_pipe4_iss1,baseline_tdm_write,1073741824,128,990.046,336.563,
tile256x8_pipe4_iss1,baseline_tdm_write,4294967296,128,995.841,337.000,
tile256x8_pipe4_iss1,baseline_tdm_write,8589934592,128,997.705,337.105,
tile256x8_pipe4_iss1,baseline_tdm_write,65536,256,12.674,13.700,
tile256x8_pipe4_iss1,baseline_tdm_write,262144,256,49.860,53.497,
tile256x8_pipe4_iss1,baseline_tdm_write,1048576,256,180.588,196.570,
tile256x8_pipe4_iss1,baseline_tdm_write,4194304,256,538.392,449.658,
tile256x8_pipe4_iss1,baseline_tdm_write,16777216,256,963.535,580.949,
tile256x8_pipe4_iss1,baseline_tdm_write,67108864,256,1335.766,638.574,
tile256x8_pipe4_iss1,baseline_tdm_write,268435456,256,1507.689,657.045,
tile256x8_pipe4_iss1,baseline_tdm_write,1073741824,256,1560.820,663.939,
tile256x8_pipe4_iss1,baseline_tdm_write,4294967296,256,1575.291,665.921,
tile256x8_pipe4_iss1,baseline_tdm_write,8589934592,256,1579.016,666.306,
tile256x8_pipe2_iss8,fixed8k,65536,1,12.444,2.599,8192
tile256x8_pipe2_iss8,fixed8k,262144,1,14.380,2.742,8192
tile256x8_pipe2_iss8,fixed8k,1048576,1,17.112,2.779,8192
tile256x8_pipe2_iss8,fixed8k,4194304,1,17.768,2.790,8192
tile256x8_pipe2_iss8,fixed8k,16777216,1,17.928,2.793,8192
tile256x8_pipe2_iss8,fixed8k,67108864,1,17.925,2.794,8192
tile256x8_pipe2_iss8,fixed8k,268435456,1,17.920,2.795,8192
tile256x8_pipe2_iss8,fixed8k,1073741824,1,17.924,2.795,8192
tile256x8_pipe2_iss8,fixed8k,4294967296,1,17.919,2.794,8192
tile256x8_pipe2_iss8,fixed8k,8589934592,1,17.923,2.795,8192
tile256x8_pipe2_iss8,fixed8k,65536,2,11.589,4.852,8192
tile256x8_pipe2_iss8,fixed8k,262144,2,23.313,5.377,8192
tile256x8_pipe2_iss8,fixed8k,1048576,2,32.093,5.525,8192
tile256x8_pipe2_iss8,fixed8k,4194304,2,34.835,5.568,8192
tile256x8_pipe2_iss8,fixed8k,16777216,2,35.618,5.580,8192
tile256x8_pipe2_iss8,fixed8k,67108864,2,35.808,5.583,8192
tile256x8_pipe2_iss8,fixed8k,268435456,2,35.845,5.585,8192
tile256x8_pipe2_iss8,fixed8k,1073741824,2,35.819,5.585,8192
tile256x8_pipe2_iss8,fixed8k,4294967296,2,35.793,5.581,8192
tile256x8_pipe2_iss8,fixed8k,8589934592,2,35.794,5.584,8192
tile256x8_pipe2_iss8,fixed8k,65536,4,11.412,8.275,8192
tile256x8_pipe2_iss8,fixed8k,262144,4,23.184,9.922,8192
tile256x8_pipe2_iss8,fixed8k,1048576,4,56.860,10.561,8192
tile256x8_pipe2_iss8,fixed8k,4194304,4,66.529,10.694,8192
tile256x8_pipe2_iss8,fixed8k,16777216,4,69.311,10.729,8192
tile256x8_pipe2_iss8,fixed8k,67108864,4,69.933,10.740,8192
tile256x8_pipe2_iss8,fixed8k,268435456,4,70.048,10.742,8192
tile256x8_pipe2_iss8,fixed8k,1073741824,4,69.725,10.743,8192
tile256x8_pipe2_iss8,fixed8k,4294967296,4,69.305,10.744,8192
tile256x8_pipe2_iss8,fixed8k,8589934592,4,69.357,10.750,8192
tile256x8_pipe2_iss8,fixed8k,65536,8,12.031,13.621,8192
tile256x8_pipe2_iss8,fixed8k,262144,8,23.168,18.656,8192
tile256x8_pipe2_iss8,fixed8k,1048576,8,89.209,20.718,8192
tile256x8_pipe2_iss8,fixed8k,4194304,8,126.019,21.259,8192
tile256x8_pipe2_iss8,fixed8k,16777216,8,135.618,21.408,8192
tile256x8_pipe2_iss8,fixed8k,67108864,8,138.671,21.450,8192
tile256x8_pipe2_iss8,fixed8k,268435456,8,139.322,21.462,8192
tile256x8_pipe2_iss8,fixed8k,1073741824,8,138.796,21.465,8192
tile256x8_pipe2_iss8,fixed8k,4294967296,8,137.957,21.459,8192
tile256x8_pipe2_iss8,fixed8k,8589934592,8,138.085,21.476,8192
tile256x8_pipe2_iss8,fixed8k,65536,16,11.978,13.716,8192
tile256x8_pipe2_iss8,fixed8k,262144,16,23.270,33.078,8192
tile256x8_pipe2_iss8,fixed8k,1048576,16,89.373,39.627,8192
tile256x8_pipe2_iss8,fixed8k,4194304,16,220.865,41.859,8192
tile256x8_pipe2_iss8,fixed8k,16777216,16,260.689,42.576,8192
tile256x8_pipe2_iss8,fixed8k,67108864,16,273.045,42.776,8192
tile256x8_pipe2_iss8,fixed8k,268435456,16,275.851,42.831,8192
tile256x8_pipe2_iss8,fixed8k,1073741824,16,275.446,42.849,8192
tile256x8_pipe2_iss8,fixed8k,4294967296,16,273.949,42.853,8192
tile256x8_pipe2_iss8,fixed8k,8589934592,16,274.006,42.866,8192
tile256x8_pipe2_iss8,fixed8k,65536,32,12.286,13.608,8192
tile256x8_pipe2_iss8,fixed8k,262144,32,23.150,53.608,8192
tile256x8_pipe2_iss8,fixed8k,1048576,32,88.953,73.213,8192
tile256x8_pipe2_iss8,fixed8k,4194304,32,338.094,81.499,8192
tile256x8_pipe2_iss8,fixed8k,16777216,32,485.697,84.104,8192
tile256x8_pipe2_iss8,fixed8k,67108864,32,528.786,85.022,8192
tile256x8_pipe2_iss8,fixed8k,268435456,32,541.956,85.313,8192
tile256x8_pipe2_iss8,fixed8k,1073741824,32,543.399,85.410,8192
tile256x8_pipe2_iss8,fixed8k,4294967296,32,541.493,85.441,8192
tile256x8_pipe2_iss8,fixed8k,8589934592,32,541.481,85.426,8192
tile256x8_pipe2_iss8,fixed8k,65536,64,12.173,13.583,8192
tile256x8_pipe2_iss8,fixed8k,262144,64,22.968,53.891,8192
tile256x8_pipe2_iss8,fixed8k,1048576,64,89.048,128.524,8192
tile256x8_pipe2_iss8,fixed8k,4194304,64,339.506,155.092,8192
tile256x8_pipe2_iss8,fixed8k,16777216,64,793.617,164.746,8192
tile256x8_pipe2_iss8,fixed8k,67108864,64,984.132,168.235,8192
tile256x8_pipe2_iss8,fixed8k,268435456,64,1043.503,169.471,8192
tile256x8_pipe2_iss8,fixed8k,1073741824,64,1060.217,169.859,8192
tile256x8_pipe2_iss8,fixed8k,4294967296,64,1061.190,169.958,8192
tile256x8_pipe2_iss8,fixed8k,8589934592,64,1061.922,169.978,8192
tile256x8_pipe2_iss8,fixed8k,65536,128,12.110,13.655,8192
tile256x8_pipe2_iss8,fixed8k,262144,128,23.065,53.401,8192
tile256x8_pipe2_iss8,fixed8k,1048576,128,89.343,194.704,8192
tile256x8_pipe2_iss8,fixed8k,4194304,128,337.957,277.987,8192
tile256x8_pipe2_iss8,fixed8k,16777216,128,900.166,312.569,8192
tile256x8_pipe2_iss8,fixed8k,67108864,128,1321.305,330.388,8192
tile256x8_pipe2_iss8,fixed8k,268435456,128,1489.516,335.187,8192
tile256x8_pipe2_iss8,fixed8k,1073741824,128,1541.539,336.740,8192
tile256x8_pipe2_iss8,fixed8k,4294967296,128,1560.416,337.001,8192
tile256x8_pipe2_iss8,fixed8k,8589934592,128,1560.454,337.108,8192
tile256x8_pipe2_iss8,fixed8k,65536,256,12.286,13.683,8192
tile256x8_pipe2_iss8,fixed8k,262144,256,23.019,53.555,8192
tile256x8_pipe2_iss8,fixed8k,1048576,256,89.296,196.386,8192
tile256x8_pipe2_iss8,fixed8k,4194304,256,337.278,449.494,8192
tile256x8_pipe2_iss8,fixed8k,16777216,256,894.798,580.283,8192
tile256x8_pipe2_iss8,fixed8k,67108864,256,1318.274,638.971,8192
tile256x8_pipe2_iss8,fixed8k,268435456,256,1474.325,657.507,8192
tile256x8_pipe2_iss8,fixed8k,1073741824,256,1524.596,664.193,8192
tile256x8_pipe2_iss8,fixed8k,4294967296,256,1554.610,665.435,8192
tile256x8_pipe2_iss8,fixed8k,8589934592,256,1559.012,665.892,8192
tile256x16_pipe2_iss8,fixed16k,65536,1,12.154,2.603,16384
tile256x16_pipe2_iss8,fixed16k,262144,1,14.257,2.744,16384
tile256x16_pipe2_iss8,fixed16k,1048576,1,17.211,2.779,16384
tile256x16_pipe2_iss8,fixed16k,4194304,1,17.853,2.790,16384
tile256x16_pipe2_iss8,fixed16k,16777216,1,17.946,2.793,16384
tile256x16_pipe2_iss8,fixed16k,67108864,1,17.982,2.794,16384
tile256x16_pipe2_iss8,fixed16k,268435456,1,17.964,2.795,16384
tile256x16_pipe2_iss8,fixed16k,1073741824,1,17.943,2.795,16384
tile256x16_pipe2_iss8,fixed16k,4294967296,1,17.927,2.794,16384
tile256x16_pipe2_iss8,fixed16k,8589934592,1,17.931,2.798,16384
tile256x16_pipe2_iss8,fixed16k,65536,2,11.468,4.853,16384
tile256x16_pipe2_iss8,fixed16k,262144,2,14.273,5.380,16384
tile256x16_pipe2_iss8,fixed16k,1048576,2,32.865,5.525,16384
tile256x16_pipe2_iss8,fixed16k,4194304,2,35.306,5.569,16384
tile256x16_pipe2_iss8,fixed16k,16777216,2,35.809,5.580,16384
tile256x16_pipe2_iss8,fixed16k,67108864,2,35.954,5.584,16384
tile256x16_pipe2_iss8,fixed16k,268435456,2,36.004,5.585,16384
tile256x16_pipe2_iss8,fixed16k,1073741824,2,35.998,5.586,16384
tile256x16_pipe2_iss8,fixed16k,4294967296,2,35.998,5.582,16384
tile256x16_pipe2_iss8,fixed16k,8589934592,2,35.991,5.591,16384
tile256x16_pipe2_iss8,fixed16k,65536,4,11.825,8.326,16384
tile256x16_pipe2_iss8,fixed16k,262144,4,14.249,9.927,16384
tile256x16_pipe2_iss8,fixed16k,1048576,4,55.416,10.568,16384
tile256x16_pipe2_iss8,fixed16k,4194304,4,67.071,10.698,16384
tile256x16_pipe2_iss8,fixed16k,16777216,4,68.818,10.732,16384
tile256x16_pipe2_iss8,fixed16k,67108864,4,69.401,10.741,16384
tile256x16_pipe2_iss8,fixed16k,268435456,4,69.557,10.744,16384
tile256x16_pipe2_iss8,fixed16k,1073741824,4,69.580,10.745,16384
tile256x16_pipe2_iss8,fixed16k,4294967296,4,69.561,10.735,16384
tile256x16_pipe2_iss8,fixed16k,8589934592,4,69.546,10.746,16384
tile256x16_pipe2_iss8,fixed16k,65536,8,12.018,13.564,16384
tile256x16_pipe2_iss8,fixed16k,262144,8,14.170,18.658,16384
tile256x16_pipe2_iss8,fixed16k,1048576,8,55.422,20.703,16384
tile256x16_pipe2_iss8,fixed16k,4194304,8,127.309,21.263,16384
tile256x16_pipe2_iss8,fixed16k,16777216,8,135.220,21.409,16384
tile256x16_pipe2_iss8,fixed16k,67108864,8,137.760,21.447,16384
tile256x16_pipe2_iss8,fixed16k,268435456,8,138.383,21.460,16384
tile256x16_pipe2_iss8,fixed16k,1073741824,8,138.487,21.463,16384
tile256x16_pipe2_iss8,fixed16k,4294967296,8,138.466,21.455,16384
tile256x16_pipe2_iss8,fixed16k,8589934592,8,138.455,21.457,16384
tile256x16_pipe2_iss8,fixed16k,65536,16,12.176,13.613,16384
tile256x16_pipe2_iss8,fixed16k,262144,16,14.223,33.093,16384
tile256x16_pipe2_iss8,fixed16k,1048576,16,55.456,39.692,16384
tile256x16_pipe2_iss8,fixed16k,4194304,16,217.236,41.875,16384
tile256x16_pipe2_iss8,fixed16k,16777216,16,262.238,42.547,16384
tile256x16_pipe2_iss8,fixed16k,67108864,16,271.876,42.755,16384
tile256x16_pipe2_iss8,fixed16k,268435456,16,274.395,42.834,16384
tile256x16_pipe2_iss8,fixed16k,1073741824,16,275.101,42.856,16384
tile256x16_pipe2_iss8,fixed16k,4294967296,16,275.139,42.861,16384
tile256x16_pipe2_iss8,fixed16k,8589934592,16,275.051,42.869,16384
tile256x16_pipe2_iss8,fixed16k,65536,32,12.226,13.610,16384
tile256x16_pipe2_iss8,fixed16k,262144,32,14.243,53.123,16384
tile256x16_pipe2_iss8,fixed16k,1048576,32,55.067,73.487,16384
tile256x16_pipe2_iss8,fixed16k,4194304,32,217.608,81.379,16384
tile256x16_pipe2_iss8,fixed16k,16777216,32,489.826,84.097,16384
tile256x16_pipe2_iss8,fixed16k,67108864,32,528.946,84.991,16384
tile256x16_pipe2_iss8,fixed16k,268435456,32,540.449,85.287,16384
tile256x16_pipe2_iss8,fixed16k,1073741824,32,543.567,85.406,16384
tile256x16_pipe2_iss8,fixed16k,4294967296,32,544.090,85.453,16384
tile256x16_pipe2_iss8,fixed16k,8589934592,32,544.135,85.460,16384
tile256x16_pipe2_iss8,fixed16k,65536,64,12.280,13.689,16384
tile256x16_pipe2_iss8,fixed16k,262144,64,14.266,53.528,16384
tile256x16_pipe2_iss8,fixed16k,1048576,64,55.055,128.441,16384
tile256x16_pipe2_iss8,fixed16k,4194304,64,217.669,155.006,16384
tile256x16_pipe2_iss8,fixed16k,16777216,64,798.520,164.731,16384
tile256x16_pipe2_iss8,fixed16k,67108864,64,992.691,168.197,16384
tile256x16_pipe2_iss8,fixed16k,268435456,64,1044.692,169.380,16384
tile256x16_pipe2_iss8,fixed16k,1073741824,64,1060.355,169.843,16384
tile256x16_pipe2_iss8,fixed16k,4294967296,64,1063.923,169.995,16384
tile256x16_pipe2_iss8,fixed16k,8589934592,64,1063.948,170.002,16384
tile256x16_pipe2_iss8,fixed16k,65536,128,12.263,13.703,16384
tile256x16_pipe2_iss8,fixed16k,262144,128,14.299,53.682,16384
tile256x16_pipe2_iss8,fixed16k,1048576,128,55.345,197.548,16384
tile256x16_pipe2_iss8,fixed16k,4194304,128,217.225,279.003,16384
tile256x16_pipe2_iss8,fixed16k,16777216,128,793.384,312.462,16384
tile256x16_pipe2_iss8,fixed16k,67108864,128,1265.161,330.404,16384
tile256x16_pipe2_iss8,fixed16k,268435456,128,1429.274,335.101,16384
tile256x16_pipe2_iss8,fixed16k,1073741824,128,1516.845,336.691,16384
tile256x16_pipe2_iss8,fixed16k,4294967296,128,1561.479,337.116,16384
tile256x16_pipe2_iss8,fixed16k,8589934592,128,1574.268,337.196,16384
tile256x16_pipe2_iss8,fixed16k,65536,256,12.119,13.681,16384
tile256x16_pipe2_iss8,fixed16k,262144,256,14.297,53.739,16384
tile256x16_pipe2_iss8,fixed16k,1048576,256,55.308,196.681,16384
tile256x16_pipe2_iss8,fixed16k,4194304,256,216.899,449.839,16384
tile256x16_pipe2_iss8,fixed16k,16777216,256,794.292,580.565,16384
tile256x16_pipe2_iss8,fixed16k,67108864,256,1200.782,638.874,16384
tile256x16_pipe2_iss8,fixed16k,268435456,256,1404.576,657.674,16384
tile256x16_pipe2_iss8,fixed16k,1073741824,256,1523.414,664.129,16384
tile256x16_pipe2_iss8,fixed16k,4294967296,256,1594.911,665.902,16384
tile256x16_pipe2_iss8,fixed16k,8589934592,256,1602.397,666.326,16384
tile256x16_pipe2_iss8,dyn_cap16k_min1k,65536,1,12.239,2.604,4096
tile256x16_pipe2_iss8,dyn_cap16k_min1k,262144,1,14.284,2.743,16384
tile256x16_pipe2_iss8,dyn_cap16k_min1k,1048576,1,17.321,2.779,16384
tile256x16_pipe2_iss8,dyn_cap16k_min1k,4194304,1,17.863,2.790,16384
tile256x16_pipe2_iss8,dyn_cap16k_min1k,16777216,1,17.967,2.793,16384
tile256x16_pipe2_iss8,dyn_cap16k_min1k,67108864,1,17.996,2.794,16384
tile256x16_pipe2_iss8,dyn_cap16k_min1k,268435456,1,17.986,2.795,16384
tile256x16_pipe2_iss8,dyn_cap16k_min1k,1073741824,1,17.951,2.795,16384
tile256x16_pipe2_iss8,dyn_cap16k_min1k,4294967296,1,17.931,2.793,16384
tile256x16_pipe2_iss8,dyn_cap16k_min1k,8589934592,1,17.930,2.797,16384
tile256x16_pipe2_iss8,dyn_cap16k_min1k,65536,2,12.245,4.856,2048
tile256x16_pipe2_iss8,dyn_cap16k_min1k,262144,2,23.233,5.378,8192
tile256x16_pipe2_iss8,dyn_cap16k_min1k,1048576,2,32.930,5.524,16384
tile256x16_pipe2_iss8,dyn_cap16k_min1k,4194304,2,35.263,5.568,16384
tile256x16_pipe2_iss8,dyn_cap16k_min1k,16777216,2,36.004,5.580,16384
tile256x16_pipe2_iss8,dyn_cap16k_min1k,67108864,2,36.136,5.584,16384
tile256x16_pipe2_iss8,dyn_cap16k_min1k,268435456,2,36.159,5.586,16384
tile256x16_pipe2_iss8,dyn_cap16k_min1k,1073741824,2,36.162,5.586,16384
tile256x16_pipe2_iss8,dyn_cap16k_min1k,4294967296,2,36.157,5.580,16384
tile256x16_pipe2_iss8,dyn_cap16k_min1k,8589934592,2,36.152,5.589,16384
tile256x16_pipe2_iss8,dyn_cap16k_min1k,65536,4,12.946,8.301,1024
tile256x16_pipe2_iss8,dyn_cap16k_min1k,262144,4,48.091,9.923,4096
tile256x16_pipe2_iss8,dyn_cap16k_min1k,1048576,4,55.309,10.573,16384
tile256x16_pipe2_iss8,dyn_cap16k_min1k,4194304,4,67.035,10.698,16384
tile256x16_pipe2_iss8,dyn_cap16k_min1k,16777216,4,69.307,10.731,16384
tile256x16_pipe2_iss8,dyn_cap16k_min1k,67108864,4,69.713,10.741,16384
tile256x16_pipe2_iss8,dyn_cap16k_min1k,268435456,4,69.860,10.744,16384
tile256x16_pipe2_iss8,dyn_cap16k_min1k,1073741824,4,69.876,10.745,16384
tile256x16_pipe2_iss8,dyn_cap16k_min1k,4294967296,4,69.863,10.744,16384
tile256x16_pipe2_iss8,dyn_cap16k_min1k,8589934592,4,69.833,10.745,16384
tile256x16_pipe2_iss8,dyn_cap16k_min1k,65536,8,12.842,13.556,1024
tile256x16_pipe2_iss8,dyn_cap16k_min1k,262144,8,50.312,18.645,2048
tile256x16_pipe2_iss8,dyn_cap16k_min1k,1048576,8,88.880,20.714,8192
tile256x16_pipe2_iss8,dyn_cap16k_min1k,4194304,8,126.848,21.268,16384
tile256x16_pipe2_iss8,dyn_cap16k_min1k,16777216,8,136.186,21.414,16384
tile256x16_pipe2_iss8,dyn_cap16k_min1k,67108864,8,138.417,21.453,16384
tile256x16_pipe2_iss8,dyn_cap16k_min1k,268435456,8,138.939,21.465,16384
tile256x16_pipe2_iss8,dyn_cap16k_min1k,1073741824,8,139.099,21.468,16384
tile256x16_pipe2_iss8,dyn_cap16k_min1k,4294967296,8,139.106,21.455,16384
tile256x16_pipe2_iss8,dyn_cap16k_min1k,8589934592,8,139.050,21.477,16384
tile256x16_pipe2_iss8,dyn_cap16k_min1k,65536,16,12.995,13.691,1024
tile256x16_pipe2_iss8,dyn_cap16k_min1k,262144,16,51.105,33.142,1024
tile256x16_pipe2_iss8,dyn_cap16k_min1k,1048576,16,182.407,39.661,4096
tile256x16_pipe2_iss8,dyn_cap16k_min1k,4194304,16,217.846,41.881,16384
tile256x16_pipe2_iss8,dyn_cap16k_min1k,16777216,16,263.812,42.552,16384
tile256x16_pipe2_iss8,dyn_cap16k_min1k,67108864,16,272.877,42.769,16384
tile256x16_pipe2_iss8,dyn_cap16k_min1k,268435456,16,275.269,42.839,16384
tile256x16_pipe2_iss8,dyn_cap16k_min1k,1073741824,16,276.042,42.858,16384
tile256x16_pipe2_iss8,dyn_cap16k_min1k,4294967296,16,276.069,42.867,16384
tile256x16_pipe2_iss8,dyn_cap16k_min1k,8589934592,16,276.025,42.860,16384
tile256x16_pipe2_iss8,dyn_cap16k_min1k,65536,32,12.990,13.687,1024
tile256x16_pipe2_iss8,dyn_cap16k_min1k,262144,32,50.764,53.555,1024
tile256x16_pipe2_iss8,dyn_cap16k_min1k,1048576,32,182.090,73.432,2048
tile256x16_pipe2_iss8,dyn_cap16k_min1k,4194304,32,336.056,81.491,8192
tile256x16_pipe2_iss8,dyn_cap16k_min1k,16777216,32,493.669,84.088,16384
tile256x16_pipe2_iss8,dyn_cap16k_min1k,67108864,32,530.840,85.030,16384
tile256x16_pipe2_iss8,dyn_cap16k_min1k,268435456,32,541.938,85.337,16384
tile256x16_pipe2_iss8,dyn_cap16k_min1k,1073741824,32,544.816,85.430,16384
tile256x16_pipe2_iss8,dyn_cap16k_min1k,4294967296,32,545.421,85.464,16384
tile256x16_pipe2_iss8,dyn_cap16k_min1k,8589934592,32,545.388,85.449,16384
tile256x16_pipe2_iss8,dyn_cap16k_min1k,65536,64,12.904,13.638,1024
tile256x16_pipe2_iss8,dyn_cap16k_min1k,262144,64,50.068,53.501,1024
tile256x16_pipe2_iss8,dyn_cap16k_min1k,1048576,64,186.322,128.681,1024
tile256x16_pipe2_iss8,dyn_cap16k_min1k,4194304,64,540.349,155.082,4096
tile256x16_pipe2_iss8,dyn_cap16k_min1k,16777216,64,800.524,164.733,16384
tile256x16_pipe2_iss8,dyn_cap16k_min1k,67108864,64,992.877,168.273,16384
tile256x16_pipe2_iss8,dyn_cap16k_min1k,268435456,64,1045.617,169.498,16384
tile256x16_pipe2_iss8,dyn_cap16k_min1k,1073741824,64,1061.183,169.882,16384
tile256x16_pipe2_iss8,dyn_cap16k_min1k,4294967296,64,1064.662,170.037,16384
tile256x16_pipe2_iss8,dyn_cap16k_min1k,8589934592,64,1064.678,170.064,16384
tile256x16_pipe2_iss8,dyn_cap16k_min1k,65536,128,13.049,13.634,1024
tile256x16_pipe2_iss8,dyn_cap16k_min1k,262144,128,50.461,53.600,1024
tile256x16_pipe2_iss8,dyn_cap16k_min1k,1048576,128,189.514,196.464,1024
tile256x16_pipe2_iss8,dyn_cap16k_min1k,4194304,128,542.965,277.619,2048
tile256x16_pipe2_iss8,dyn_cap16k_min1k,16777216,128,910.907,312.603,8192
tile256x16_pipe2_iss8,dyn_cap16k_min1k,67108864,128,1268.581,330.502,16384
tile256x16_pipe2_iss8,dyn_cap16k_min1k,268435456,128,1428.334,335.050,16384
tile256x16_pipe2_iss8,dyn_cap16k_min1k,1073741824,128,1514.695,336.701,16384
tile256x16_pipe2_iss8,dyn_cap16k_min1k,4294967296,128,1559.796,337.267,16384
tile256x16_pipe2_iss8,dyn_cap16k_min1k,8589934592,128,1572.965,337.324,16384
tile256x16_pipe2_iss8,dyn_cap16k_min1k,65536,256,12.920,13.635,1024
tile256x16_pipe2_iss8,dyn_cap16k_min1k,262144,256,51.223,53.515,1024
tile256x16_pipe2_iss8,dyn_cap16k_min1k,1048576,256,189.652,196.203,1024
tile256x16_pipe2_iss8,dyn_cap16k_min1k,4194304,256,548.173,448.986,1024
tile256x16_pipe2_iss8,dyn_cap16k_min1k,16777216,256,1033.955,580.024,4096
tile256x16_pipe2_iss8,dyn_cap16k_min1k,67108864,256,1199.692,638.821,16384
tile256x16_pipe2_iss8,dyn_cap16k_min1k,268435456,256,1401.909,657.430,16384
tile256x16_pipe2_iss8,dyn_cap16k_min1k,1073741824,256,1525.973,664.049,16384
tile256x16_pipe2_iss8,dyn_cap16k_min1k,4294967296,256,1596.085,665.957,16384
tile256x16_pipe2_iss8,dyn_cap16k_min1k,8589934592,256,1600.965,666.412,16384
tile256x8_pipe2_iss8,dyn_cap8k_min1k,65536,1,12.242,2.605,4096
tile256x8_pipe2_iss8,dyn_cap8k_min1k,262144,1,14.464,2.744,8192
tile256x8_pipe2_iss8,dyn_cap8k_min1k,1048576,1,17.082,2.779,8192
tile256x8_pipe2_iss8,dyn_cap8k_min1k,4194304,1,17.786,2.790,8192
tile256x8_pipe2_iss8,dyn_cap8k_min1k,16777216,1,17.949,2.793,8192
tile256x8_pipe2_iss8,dyn_cap8k_min1k,67108864,1,17.916,2.794,8192
tile256x8_pipe2_iss8,dyn_cap8k_min1k,268435456,1,17.919,2.795,8192
tile256x8_pipe2_iss8,dyn_cap8k_min1k,1073741824,1,17.917,2.795,8192
tile256x8_pipe2_iss8,dyn_cap8k_min1k,4294967296,1,17.913,2.792,8192
tile256x8_pipe2_iss8,dyn_cap8k_min1k,8589934592,1,17.911,2.794,8192
tile256x8_pipe2_iss8,dyn_cap8k_min1k,65536,2,12.419,4.862,2048
tile256x8_pipe2_iss8,dyn_cap8k_min1k,262144,2,23.188,5.379,8192
tile256x8_pipe2_iss8,dyn_cap8k_min1k,1048576,2,32.354,5.524,8192
tile256x8_pipe2_iss8,dyn_cap8k_min1k,4194304,2,34.803,5.568,8192
tile256x8_pipe2_iss8,dyn_cap8k_min1k,16777216,2,35.617,5.580,8192
tile256x8_pipe2_iss8,dyn_cap8k_min1k,67108864,2,35.788,5.583,8192
tile256x8_pipe2_iss8,dyn_cap8k_min1k,268435456,2,35.840,5.585,8192
tile256x8_pipe2_iss8,dyn_cap8k_min1k,1073741824,2,35.791,5.585,8192
tile256x8_pipe2_iss8,dyn_cap8k_min1k,4294967296,2,35.774,5.581,8192
tile256x8_pipe2_iss8,dyn_cap8k_min1k,8589934592,2,35.775,5.584,8192
tile256x8_pipe2_iss8,dyn_cap8k_min1k,65536,4,12.940,8.313,1024
tile256x8_pipe2_iss8,dyn_cap8k_min1k,262144,4,47.781,9.923,4096
tile256x8_pipe2_iss8,dyn_cap8k_min1k,1048576,4,56.507,10.567,8192
tile256x8_pipe2_iss8,dyn_cap8k_min1k,4194304,4,66.396,10.698,8192
tile256x8_pipe2_iss8,dyn_cap8k_min1k,16777216,4,69.325,10.734,8192
tile256x8_pipe2_iss8,dyn_cap8k_min1k,67108864,4,69.954,10.744,8192
tile256x8_pipe2_iss8,dyn_cap8k_min1k,268435456,4,70.057,10.748,8192
tile256x8_pipe2_iss8,dyn_cap8k_min1k,1073741824,4,69.694,10.748,8192
tile256x8_pipe2_iss8,dyn_cap8k_min1k,4294967296,4,69.349,10.756,8192
tile256x8_pipe2_iss8,dyn_cap8k_min1k,8589934592,4,69.394,10.742,8192
tile256x8_pipe2_iss8,dyn_cap8k_min1k,65536,8,12.947,13.605,1024
tile256x8_pipe2_iss8,dyn_cap8k_min1k,262144,8,49.493,18.659,2048
tile256x8_pipe2_iss8,dyn_cap8k_min1k,1048576,8,89.115,20.713,8192
tile256x8_pipe2_iss8,dyn_cap8k_min1k,4194304,8,125.795,21.263,8192
tile256x8_pipe2_iss8,dyn_cap8k_min1k,16777216,8,135.711,21.413,8192
tile256x8_pipe2_iss8,dyn_cap8k_min1k,67108864,8,138.636,21.452,8192
tile256x8_pipe2_iss8,dyn_cap8k_min1k,268435456,8,139.259,21.464,8192
tile256x8_pipe2_iss8,dyn_cap8k_min1k,1073741824,8,138.670,21.468,8192
tile256x8_pipe2_iss8,dyn_cap8k_min1k,4294967296,8,137.990,21.479,8192
tile256x8_pipe2_iss8,dyn_cap8k_min1k,8589934592,8,138.062,21.467,8192
tile256x8_pipe2_iss8,dyn_cap8k_min1k,65536,16,13.036,13.637,1024
tile256x8_pipe2_iss8,dyn_cap8k_min1k,262144,16,50.812,33.105,1024
tile256x8_pipe2_iss8,dyn_cap8k_min1k,1048576,16,179.940,39.578,4096
tile256x8_pipe2_iss8,dyn_cap8k_min1k,4194304,16,219.625,41.887,8192
tile256x8_pipe2_iss8,dyn_cap8k_min1k,16777216,16,260.339,42.575,8192
tile256x8_pipe2_iss8,dyn_cap8k_min1k,67108864,16,272.747,42.784,8192
tile256x8_pipe2_iss8,dyn_cap8k_min1k,268435456,16,275.724,42.843,8192
tile256x8_pipe2_iss8,dyn_cap8k_min1k,1073741824,16,274.993,42.861,8192
tile256x8_pipe2_iss8,dyn_cap8k_min1k,4294967296,16,273.945,42.868,8192
tile256x8_pipe2_iss8,dyn_cap8k_min1k,8589934592,16,274.085,42.860,8192
tile256x8_pipe2_iss8,dyn_cap8k_min1k,65536,32,13.004,13.550,1024
tile256x8_pipe2_iss8,dyn_cap8k_min1k,262144,32,51.063,53.512,1024
tile256x8_pipe2_iss8,dyn_cap8k_min1k,1048576,32,185.524,73.423,2048
tile256x8_pipe2_iss8,dyn_cap8k_min1k,4194304,32,335.529,81.436,8192
tile256x8_pipe2_iss8,dyn_cap8k_min1k,16777216,32,484.916,84.102,8192
tile256x8_pipe2_iss8,dyn_cap8k_min1k,67108864,32,528.060,85.028,8192
tile256x8_pipe2_iss8,dyn_cap8k_min1k,268435456,32,541.066,85.327,8192
tile256x8_pipe2_iss8,dyn_cap8k_min1k,1073741824,32,542.693,85.417,8192
tile256x8_pipe2_iss8,dyn_cap8k_min1k,4294967296,32,541.192,85.454,8192
tile256x8_pipe2_iss8,dyn_cap8k_min1k,8589934592,32,541.325,85.483,8192
tile256x8_pipe2_iss8,dyn_cap8k_min1k,65536,64,13.030,13.572,1024
tile256x8_pipe2_iss8,dyn_cap8k_min1k,262144,64,50.341,52.968,1024
tile256x8_pipe2_iss8,dyn_cap8k_min1k,1048576,64,187.952,128.859,1024
tile256x8_pipe2_iss8,dyn_cap8k_min1k,4194304,64,541.437,155.278,4096
tile256x8_pipe2_iss8,dyn_cap8k_min1k,16777216,64,790.610,164.614,8192
tile256x8_pipe2_iss8,dyn_cap8k_min1k,67108864,64,982.851,168.235,8192
tile256x8_pipe2_iss8,dyn_cap8k_min1k,268435456,64,1042.844,169.536,8192
tile256x8_pipe2_iss8,dyn_cap8k_min1k,1073741824,64,1058.561,169.879,8192
tile256x8_pipe2_iss8,dyn_cap8k_min1k,4294967296,64,1061.034,169.982,8192
tile256x8_pipe2_iss8,dyn_cap8k_min1k,8589934592,64,1061.246,170.055,8192
tile256x8_pipe2_iss8,dyn_cap8k_min1k,65536,128,12.861,13.658,1024
tile256x8_pipe2_iss8,dyn_cap8k_min1k,262144,128,50.339,53.030,1024
tile256x8_pipe2_iss8,dyn_cap8k_min1k,1048576,128,188.229,196.736,1024
tile256x8_pipe2_iss8,dyn_cap8k_min1k,4194304,128,543.823,277.724,2048
tile256x8_pipe2_iss8,dyn_cap8k_min1k,16777216,128,903.092,312.562,8192
tile256x8_pipe2_iss8,dyn_cap8k_min1k,67108864,128,1325.087,330.386,8192
tile256x8_pipe2_iss8,dyn_cap8k_min1k,268435456,128,1485.893,335.043,8192
tile256x8_pipe2_iss8,dyn_cap8k_min1k,1073741824,128,1541.169,336.400,8192
tile256x8_pipe2_iss8,dyn_cap8k_min1k,4294967296,128,1559.588,336.989,8192
tile256x8_pipe2_iss8,dyn_cap8k_min1k,8589934592,128,1559.014,337.108,8192
tile256x8_pipe2_iss8,dyn_cap8k_min1k,65536,256,12.921,13.630,1024
tile256x8_pipe2_iss8,dyn_cap8k_min1k,262144,256,50.368,53.723,1024
tile256x8_pipe2_iss8,dyn_cap8k_min1k,1048576,256,189.316,195.067,1024
tile256x8_pipe2_iss8,dyn_cap8k_min1k,4194304,256,545.876,447.776,1024
tile256x8_pipe2_iss8,dyn_cap8k_min1k,16777216,256,1010.441,580.159,4096
tile256x8_pipe2_iss8,dyn_cap8k_min1k,67108864,256,1318.060,638.661,8192
tile256x8_pipe2_iss8,dyn_cap8k_min1k,268435456,256,1476.386,657.793,8192
tile256x8_pipe2_iss8,dyn_cap8k_min1k,1073741824,256,1524.993,663.419,8192
tile256x8_pipe2_iss8,dyn_cap8k_min1k,4294967296,256,1553.469,665.987,8192
tile256x8_pipe2_iss8,dyn_cap8k_min1k,8589934592,256,1558.584,666.311,8192
tile256x8_pipe2_iss8,dyn_cap8k_min256,65536,1,12.187,2.601,4096
tile256x8_pipe2_iss8,dyn_cap8k_min256,262144,1,14.584,2.743,8192
tile256x8_pipe2_iss8,dyn_cap8k_min256,1048576,1,17.125,2.779,8192
tile256x8_pipe2_iss8,dyn_cap8k_min256,4194304,1,17.778,2.791,8192
tile256x8_pipe2_iss8,dyn_cap8k_min256,16777216,1,17.912,2.793,8192
tile256x8_pipe2_iss8,dyn_cap8k_min256,67108864,1,17.917,2.794,8192
tile256x8_pipe2_iss8,dyn_cap8k_min256,268435456,1,17.917,2.795,8192
tile256x8_pipe2_iss8,dyn_cap8k_min256,1073741824,1,17.915,2.795,8192
tile256x8_pipe2_iss8,dyn_cap8k_min256,4294967296,1,17.919,2.796,8192
tile256x8_pipe2_iss8,dyn_cap8k_min256,8589934592,1,17.919,2.794,8192
tile256x8_pipe2_iss8,dyn_cap8k_min256,65536,2,12.443,4.859,2048
tile256x8_pipe2_iss8,dyn_cap8k_min256,262144,2,23.147,5.378,8192
tile256x8_pipe2_iss8,dyn_cap8k_min256,1048576,2,32.366,5.525,8192
tile256x8_pipe2_iss8,dyn_cap8k_min256,4194304,2,34.846,5.568,8192
tile256x8_pipe2_iss8,dyn_cap8k_min256,16777216,2,35.577,5.579,8192
tile256x8_pipe2_iss8,dyn_cap8k_min256,67108864,2,35.790,5.582,8192
tile256x8_pipe2_iss8,dyn_cap8k_min256,268435456,2,35.815,5.584,8192
tile256x8_pipe2_iss8,dyn_cap8k_min256,1073741824,2,35.781,5.584,8192
tile256x8_pipe2_iss8,dyn_cap8k_min256,4294967296,2,35.771,5.586,8192
tile256x8_pipe2_iss8,dyn_cap8k_min256,8589934592,2,35.772,5.587,8192
tile256x8_pipe2_iss8,dyn_cap8k_min256,65536,4,12.515,8.321,1024
tile256x8_pipe2_iss8,dyn_cap8k_min256,262144,4,44.980,9.927,4096
tile256x8_pipe2_iss8,dyn_cap8k_min256,1048576,4,56.332,10.568,8192
tile256x8_pipe2_iss8,dyn_cap8k_min256,4194304,4,66.316,10.695,8192
tile256x8_pipe2_iss8,dyn_cap8k_min256,16777216,4,68.730,10.729,8192
tile256x8_pipe2_iss8,dyn_cap8k_min256,67108864,4,69.521,10.739,8192
tile256x8_pipe2_iss8,dyn_cap8k_min256,268435456,4,69.595,10.742,8192
tile256x8_pipe2_iss8,dyn_cap8k_min256,1073741824,4,69.396,10.742,8192
tile256x8_pipe2_iss8,dyn_cap8k_min256,4294967296,4,69.229,10.751,8192
tile256x8_pipe2_iss8,dyn_cap8k_min256,8589934592,4,69.234,10.748,8192
tile256x8_pipe2_iss8,dyn_cap8k_min256,65536,8,12.838,13.602,512
tile256x8_pipe2_iss8,dyn_cap8k_min256,262144,8,49.643,18.628,2048
tile256x8_pipe2_iss8,dyn_cap8k_min256,1048576,8,89.247,20.706,8192
tile256x8_pipe2_iss8,dyn_cap8k_min256,4194304,8,125.164,21.267,8192
tile256x8_pipe2_iss8,dyn_cap8k_min256,16777216,8,134.576,21.412,8192
tile256x8_pipe2_iss8,dyn_cap8k_min256,67108864,8,137.759,21.453,8192
tile256x8_pipe2_iss8,dyn_cap8k_min256,268435456,8,138.404,21.464,8192
tile256x8_pipe2_iss8,dyn_cap8k_min256,1073741824,8,138.129,21.468,8192
tile256x8_pipe2_iss8,dyn_cap8k_min256,4294967296,8,137.838,21.479,8192
tile256x8_pipe2_iss8,dyn_cap8k_min256,8589934592,8,137.843,21.480,8192
tile256x8_pipe2_iss8,dyn_cap8k_min256,65536,16,13.003,13.682,256
tile256x8_pipe2_iss8,dyn_cap8k_min256,262144,16,50.149,32.986,1024
tile256x8_pipe2_iss8,dyn_cap8k_min256,1048576,16,178.488,39.668,4096
tile256x8_pipe2_iss8,dyn_cap8k_min256,4194304,16,219.228,41.845,8192
tile256x8_pipe2_iss8,dyn_cap8k_min256,16777216,16,259.129,42.550,8192
tile256x8_pipe2_iss8,dyn_cap8k_min256,67108864,16,271.079,42.773,8192
tile256x8_pipe2_iss8,dyn_cap8k_min256,268435456,16,274.141,42.843,8192
tile256x8_pipe2_iss8,dyn_cap8k_min256,1073741824,16,274.270,42.866,8192
tile256x8_pipe2_iss8,dyn_cap8k_min256,4294967296,16,273.727,42.878,8192
tile256x8_pipe2_iss8,dyn_cap8k_min256,8589934592,16,273.769,42.866,8192
tile256x8_pipe2_iss8,dyn_cap8k_min256,65536,32,12.836,13.651,256
tile256x8_pipe2_iss8,dyn_cap8k_min256,262144,32,51.169,53.615,512
tile256x8_pipe2_iss8,dyn_cap8k_min256,1048576,32,185.992,73.408,2048
tile256x8_pipe2_iss8,dyn_cap8k_min256,4194304,32,336.283,81.501,8192
tile256x8_pipe2_iss8,dyn_cap8k_min256,16777216,32,483.368,84.104,8192
tile256x8_pipe2_iss8,dyn_cap8k_min256,67108864,32,524.915,85.001,8192
tile256x8_pipe2_iss8,dyn_cap8k_min256,268435456,32,538.554,85.309,8192
tile256x8_pipe2_iss8,dyn_cap8k_min256,1073741824,32,540.953,85.431,8192
tile256x8_pipe2_iss8,dyn_cap8k_min256,4294967296,32,540.983,85.468,8192
tile256x8_pipe2_iss8,dyn_cap8k_min256,8589934592,32,540.875,85.481,8192
tile256x8_pipe2_iss8,dyn_cap8k_min256,65536,64,12.978,13.711,256
tile256x8_pipe2_iss8,dyn_cap8k_min256,262144,64,51.669,53.112,256
tile256x8_pipe2_iss8,dyn_cap8k_min256,1048576,64,188.982,128.580,1024
tile256x8_pipe2_iss8,dyn_cap8k_min256,4194304,64,538.628,155.131,4096
tile256x8_pipe2_iss8,dyn_cap8k_min256,16777216,64,789.865,164.733,8192
tile256x8_pipe2_iss8,dyn_cap8k_min256,67108864,64,979.566,168.187,8192
tile256x8_pipe2_iss8,dyn_cap8k_min256,268435456,64,1041.421,169.426,8192
tile256x8_pipe2_iss8,dyn_cap8k_min256,1073741824,64,1056.971,169.885,8192
tile256x8_pipe2_iss8,dyn_cap8k_min256,4294967296,64,1060.466,169.993,8192
tile256x8_pipe2_iss8,dyn_cap8k_min256,8589934592,64,1060.838,170.023,8192
tile256x8_pipe2_iss8,dyn_cap8k_min256,65536,128,13.107,13.614,256
tile256x8_pipe2_iss8,dyn_cap8k_min256,262144,128,51.113,53.614,256
tile256x8_pipe2_iss8,dyn_cap8k_min256,1048576,128,190.617,195.851,512
tile256x8_pipe2_iss8,dyn_cap8k_min256,4194304,128,540.265,278.065,2048
tile256x8_pipe2_iss8,dyn_cap8k_min256,16777216,128,896.682,312.544,8192
tile256x8_pipe2_iss8,dyn_cap8k_min256,67108864,128,1316.959,330.382,8192
tile256x8_pipe2_iss8,dyn_cap8k_min256,268435456,128,1487.286,334.646,8192
tile256x8_pipe2_iss8,dyn_cap8k_min256,1073741824,128,1541.196,336.681,8192
tile256x8_pipe2_iss8,dyn_cap8k_min256,4294967296,128,1559.970,337.152,8192
tile256x8_pipe2_iss8,dyn_cap8k_min256,8589934592,128,1559.348,337.248,8192
tile256x8_pipe2_iss8,dyn_cap8k_min256,65536,256,13.070,13.605,256
tile256x8_pipe2_iss8,dyn_cap8k_min256,262144,256,50.351,53.487,256
tile256x8_pipe2_iss8,dyn_cap8k_min256,1048576,256,188.181,196.849,256
tile256x8_pipe2_iss8,dyn_cap8k_min256,4194304,256,544.657,448.859,1024
tile256x8_pipe2_iss8,dyn_cap8k_min256,16777216,256,1025.899,580.328,4096
tile256x8_pipe2_iss8,dyn_cap8k_min256,67108864,256,1318.884,638.570,8192
tile256x8_pipe2_iss8,dyn_cap8k_min256,268435456,256,1478.753,656.369,8192
tile256x8_pipe2_iss8,dyn_cap8k_min256,1073741824,256,1524.887,663.688,8192
tile256x8_pipe2_iss8,dyn_cap8k_min256,4294967296,256,1553.634,665.735,8192
tile256x8_pipe2_iss8,dyn_cap8k_min256,8589934592,256,1558.615,666.103,8192
tile256x8_pipe4_iss1,baseline_tdm_write_to512,65536,1,7.279,2.591,
tile256x8_pipe4_iss1,baseline_tdm_write_to512,262144,1,8.012,2.738,
tile256x8_pipe4_iss1,baseline_tdm_write_to512,1048576,1,8.229,2.779,
tile256x8_pipe4_iss1,baseline_tdm_write_to512,4194304,1,8.298,2.791,
tile256x8_pipe4_iss1,baseline_tdm_write_to512,16777216,1,8.315,2.794,
tile256x8_pipe4_iss1,baseline_tdm_write_to512,67108864,1,8.319,2.794,
tile256x8_pipe4_iss1,baseline_tdm_write_to512,268435456,1,8.317,2.795,
tile256x8_pipe4_iss1,baseline_tdm_write_to512,1073741824,1,8.318,2.795,
tile256x8_pipe4_iss1,baseline_tdm_write_to512,4294967296,1,8.326,2.793,
tile256x8_pipe4_iss1,baseline_tdm_write_to512,8589934592,1,8.324,2.793,
tile256x8_pipe4_iss1,baseline_tdm_write_to512,17179869184,1,8.322,2.792,
tile256x8_pipe4_iss1,baseline_tdm_write_to512,65536,2,12.890,4.839,
tile256x8_pipe4_iss1,baseline_tdm_write_to512,262144,2,15.395,5.370,
tile256x8_pipe4_iss1,baseline_tdm_write_to512,1048576,2,16.242,5.527,
tile256x8_pipe4_iss1,baseline_tdm_write_to512,4194304,2,16.504,5.569,
tile256x8_pipe4_iss1,baseline_tdm_write_to512,16777216,2,16.581,5.581,
tile256x8_pipe4_iss1,baseline_tdm_write_to512,67108864,2,16.609,5.584,
tile256x8_pipe4_iss1,baseline_tdm_write_to512,268435456,2,16.618,5.586,
tile256x8_pipe4_iss1,baseline_tdm_write_to512,1073741824,2,16.618,5.586,
tile256x8_pipe4_iss1,baseline_tdm_write_to512,4294967296,2,16.630,5.586,
tile256x8_pipe4_iss1,baseline_tdm_write_to512,8589934592,2,16.614,5.584,
tile256x8_pipe4_iss1,baseline_tdm_write_to512,17179869184,2,16.633,5.586,
tile256x8_pipe4_iss1,baseline_tdm_write_to512,65536,4,12.739,8.290,
tile256x8_pipe4_iss1,baseline_tdm_write_to512,262144,4,28.166,9.900,
tile256x8_pipe4_iss1,baseline_tdm_write_to512,1048576,4,31.067,10.569,
tile256x8_pipe4_iss1,baseline_tdm_write_to512,4194304,4,31.874,10.697,
tile256x8_pipe4_iss1,baseline_tdm_write_to512,16777216,4,32.196,10.731,
tile256x8_pipe4_iss1,baseline_tdm_write_to512,67108864,4,32.268,10.741,
tile256x8_pipe4_iss1,baseline_tdm_write_to512,268435456,4,32.292,10.744,
tile256x8_pipe4_iss1,baseline_tdm_write_to512,1073741824,4,32.290,10.744,
tile256x8_pipe4_iss1,baseline_tdm_write_to512,4294967296,4,32.236,10.754,
tile256x8_pipe4_iss1,baseline_tdm_write_to512,8589934592,4,32.239,10.754,
tile256x8_pipe4_iss1,baseline_tdm_write_to512,17179869184,4,32.246,10.761,
tile256x8_pipe4_iss1,baseline_tdm_write_to512,65536,8,12.624,13.513,
tile256x8_pipe4_iss1,baseline_tdm_write_to512,262144,8,49.370,18.569,
tile256x8_pipe4_iss1,baseline_tdm_write_to512,1048576,8,59.548,20.680,
tile256x8_pipe4_iss1,baseline_tdm_write_to512,4194304,8,62.908,21.262,
tile256x8_pipe4_iss1,baseline_tdm_write_to512,16777216,8,63.905,21.416,
tile256x8_pipe4_iss1,baseline_tdm_write_to512,67108864,8,64.276,21.454,
tile256x8_pipe4_iss1,baseline_tdm_write_to512,268435456,8,64.416,21.467,
tile256x8_pipe4_iss1,baseline_tdm_write_to512,1073741824,8,64.457,21.471,
tile256x8_pipe4_iss1,baseline_tdm_write_to512,4294967296,8,64.378,21.474,
tile256x8_pipe4_iss1,baseline_tdm_write_to512,8589934592,8,64.412,21.494,
tile256x8_pipe4_iss1,baseline_tdm_write_to512,17179869184,8,64.457,21.481,
tile256x8_pipe4_iss1,baseline_tdm_write_to512,65536,16,12.729,13.450,
tile256x8_pipe4_iss1,baseline_tdm_write_to512,262144,16,49.493,33.140,
tile256x8_pipe4_iss1,baseline_tdm_write_to512,1048576,16,109.574,39.704,
tile256x8_pipe4_iss1,baseline_tdm_write_to512,4194304,16,122.138,41.909,
tile256x8_pipe4_iss1,baseline_tdm_write_to512,16777216,16,126.104,42.590,
tile256x8_pipe4_iss1,baseline_tdm_write_to512,67108864,16,127.621,42.787,
tile256x8_pipe4_iss1,baseline_tdm_write_to512,268435456,16,128.239,42.849,
tile256x8_pipe4_iss1,baseline_tdm_write_to512,1073741824,16,128.505,42.869,
tile256x8_pipe4_iss1,baseline_tdm_write_to512,4294967296,16,128.521,42.872,
tile256x8_pipe4_iss1,baseline_tdm_write_to512,8589934592,16,128.638,42.906,
tile256x8_pipe4_iss1,baseline_tdm_write_to512,17179869184,16,128.568,42.890,
tile256x8_pipe4_iss1,baseline_tdm_write_to512,65536,32,12.703,13.524,
tile256x8_pipe4_iss1,baseline_tdm_write_to512,262144,32,49.354,53.495,
tile256x8_pipe4_iss1,baseline_tdm_write_to512,1048576,32,181.161,73.527,
tile256x8_pipe4_iss1,baseline_tdm_write_to512,4194304,32,225.968,81.445,
tile256x8_pipe4_iss1,baseline_tdm_write_to512,16777216,32,245.513,84.122,
tile256x8_pipe4_iss1,baseline_tdm_write_to512,67108864,32,251.276,85.053,
tile256x8_pipe4_iss1,baseline_tdm_write_to512,268435456,32,254.446,85.320,
tile256x8_pipe4_iss1,baseline_tdm_write_to512,1073741824,32,255.486,85.449,
tile256x8_pipe4_iss1,baseline_tdm_write_to512,4294967296,32,255.794,85.489,
tile256x8_pipe4_iss1,baseline_tdm_write_to512,8589934592,32,255.962,85.504,
tile256x8_pipe4_iss1,baseline_tdm_write_to512,17179869184,32,255.722,85.472,
tile256x8_pipe4_iss1,baseline_tdm_write_to512,65536,64,12.694,13.501,
tile256x8_pipe4_iss1,baseline_tdm_write_to512,262144,64,49.742,53.482,
tile256x8_pipe4_iss1,baseline_tdm_write_to512,1048576,64,181.830,128.364,
tile256x8_pipe4_iss1,baseline_tdm_write_to512,4194304,64,374.004,154.731,
tile256x8_pipe4_iss1,baseline_tdm_write_to512,16777216,64,457.067,164.681,
tile256x8_pipe4_iss1,baseline_tdm_write_to512,67108864,64,489.390,168.167,
tile256x8_pipe4_iss1,baseline_tdm_write_to512,268435456,64,500.722,169.426,
tile256x8_pipe4_iss1,baseline_tdm_write_to512,1073741824,64,505.200,169.853,
tile256x8_pipe4_iss1,baseline_tdm_write_to512,4294967296,64,506.439,169.934,
tile256x8_pipe4_iss1,baseline_tdm_write_to512,8589934592,64,506.562,169.959,
tile256x8_pipe4_iss1,baseline_tdm_write_to512,17179869184,64,506.788,169.951,
tile256x8_pipe4_iss1,baseline_tdm_write_to512,65536,128,12.732,13.518,
tile256x8_pipe4_iss1,baseline_tdm_write_to512,262144,128,49.775,53.579,
tile256x8_pipe4_iss1,baseline_tdm_write_to512,1048576,128,182.120,196.847,
tile256x8_pipe4_iss1,baseline_tdm_write_to512,4194304,128,540.062,278.142,
tile256x8_pipe4_iss1,baseline_tdm_write_to512,16777216,128,748.971,312.499,
tile256x8_pipe4_iss1,baseline_tdm_write_to512,67108864,128,907.974,330.556,
tile256x8_pipe4_iss1,baseline_tdm_write_to512,268435456,128,970.503,334.938,
tile256x8_pipe4_iss1,baseline_tdm_write_to512,1073741824,128,990.810,336.621,
tile256x8_pipe4_iss1,baseline_tdm_write_to512,4294967296,128,996.643,337.076,
tile256x8_pipe4_iss1,baseline_tdm_write_to512,8589934592,128,998.698,337.139,
tile256x8_pipe4_iss1,baseline_tdm_write_to512,17179869184,128,998.742,337.159,
tile256x8_pipe4_iss1,baseline_tdm_write_to512,65536,256,12.705,13.595,
tile256x8_pipe4_iss1,baseline_tdm_write_to512,262144,256,49.956,53.622,
tile256x8_pipe4_iss1,baseline_tdm_write_to512,1048576,256,182.590,197.176,
tile256x8_pipe4_iss1,baseline_tdm_write_to512,4194304,256,538.136,447.147,
tile256x8_pipe4_iss1,baseline_tdm_write_to512,16777216,256,971.205,580.565,
tile256x8_pipe4_iss1,baseline_tdm_write_to512,67108864,256,1351.402,639.289,
tile256x8_pipe4_iss1,baseline_tdm_write_to512,268435456,256,1518.906,657.320,
tile256x8_pipe4_iss1,baseline_tdm_write_to512,1073741824,256,1569.562,664.083,
tile256x8_pipe4_iss1,baseline_tdm_write_to512,4294967296,256,1581.702,665.828,
tile256x8_pipe4_iss1,baseline_tdm_write_to512,8589934592,256,1580.434,666.273,
tile256x8_pipe4_iss1,baseline_tdm_write_to512,17179869184,256,1580.228,666.566,
tile256x8_pipe4_iss1,baseline_tdm_write_to512,65536,512,12.751,13.638,
tile256x8_pipe4_iss1,baseline_tdm_write_to512,262144,512,49.279,53.654,
tile256x8_pipe4_iss1,baseline_tdm_write_to512,1048576,512,182.134,196.432,
tile256x8_pipe4_iss1,baseline_tdm_write_to512,4194304,512,537.925,566.440,
tile256x8_pipe4_iss1,baseline_tdm_write_to512,16777216,512,971.467,948.278,
tile256x8_pipe4_iss1,baseline_tdm_write_to512,67108864,512,1367.405,1170.723,
tile256x8_pipe4_iss1,baseline_tdm_write_to512,268435456,512,1561.470,1253.693,
tile256x8_pipe4_iss1,baseline_tdm_write_to512,1073741824,512,1607.535,1275.751,
tile256x8_pipe4_iss1,baseline_tdm_write_to512,4294967296,512,1634.819,1281.930,
tile256x8_pipe4_iss1,baseline_tdm_write_to512,8589934592,512,1636.675,1283.268,
tile256x8_pipe4_iss1,baseline_tdm_write_to512,17179869184,512,1641.717,1283.783,
tile256x8_pipe2_iss8,dyn_cap8k_min1k_to512,65536,1,12.225,2.588,4096
tile256x8_pipe2_iss8,dyn_cap8k_min1k_to512,262144,1,14.368,2.739,8192
tile256x8_pipe2_iss8,dyn_cap8k_min1k_to512,1048576,1,17.117,2.780,8192
tile256x8_pipe2_iss8,dyn_cap8k_min1k_to512,4194304,1,17.780,2.791,8192
tile256x8_pipe2_iss8,dyn_cap8k_min1k_to512,16777216,1,17.899,2.794,8192
tile256x8_pipe2_iss8,dyn_cap8k_min1k_to512,67108864,1,17.919,2.794,8192
tile256x8_pipe2_iss8,dyn_cap8k_min1k_to512,268435456,1,17.920,2.795,8192
tile256x8_pipe2_iss8,dyn_cap8k_min1k_to512,1073741824,1,17.919,2.795,8192
tile256x8_pipe2_iss8,dyn_cap8k_min1k_to512,4294967296,1,17.915,2.793,8192
tile256x8_pipe2_iss8,dyn_cap8k_min1k_to512,8589934592,1,17.918,2.796,8192
tile256x8_pipe2_iss8,dyn_cap8k_min1k_to512,17179869184,1,17.918,2.797,8192
tile256x8_pipe2_iss8,dyn_cap8k_min1k_to512,65536,2,12.492,4.846,2048
tile256x8_pipe2_iss8,dyn_cap8k_min1k_to512,262144,2,23.157,5.375,8192
tile256x8_pipe2_iss8,dyn_cap8k_min1k_to512,1048576,2,32.359,5.526,8192
tile256x8_pipe2_iss8,dyn_cap8k_min1k_to512,4194304,2,34.832,5.569,8192
tile256x8_pipe2_iss8,dyn_cap8k_min1k_to512,16777216,2,35.608,5.581,8192
tile256x8_pipe2_iss8,dyn_cap8k_min1k_to512,67108864,2,35.781,5.584,8192
tile256x8_pipe2_iss8,dyn_cap8k_min1k_to512,268435456,2,35.824,5.585,8192
tile256x8_pipe2_iss8,dyn_cap8k_min1k_to512,1073741824,2,35.798,5.586,8192
tile256x8_pipe2_iss8,dyn_cap8k_min1k_to512,4294967296,2,35.785,5.582,8192
tile256x8_pipe2_iss8,dyn_cap8k_min1k_to512,8589934592,2,35.784,5.591,8192
tile256x8_pipe2_iss8,dyn_cap8k_min1k_to512,17179869184,2,35.790,5.591,8192
tile256x8_pipe2_iss8,dyn_cap8k_min1k_to512,65536,4,12.675,8.270,1024
tile256x8_pipe2_iss8,dyn_cap8k_min1k_to512,262144,4,48.388,9.906,4096
tile256x8_pipe2_iss8,dyn_cap8k_min1k_to512,1048576,4,56.474,10.566,8192
tile256x8_pipe2_iss8,dyn_cap8k_min1k_to512,4194304,4,66.177,10.696,8192
tile256x8_pipe2_iss8,dyn_cap8k_min1k_to512,16777216,4,68.735,10.732,8192
tile256x8_pipe2_iss8,dyn_cap8k_min1k_to512,67108864,4,69.523,10.743,8192
tile256x8_pipe2_iss8,dyn_cap8k_min1k_to512,268435456,4,69.624,10.745,8192
tile256x8_pipe2_iss8,dyn_cap8k_min1k_to512,1073741824,4,69.413,10.746,8192
tile256x8_pipe2_iss8,dyn_cap8k_min1k_to512,4294967296,4,69.261,10.750,8192
tile256x8_pipe2_iss8,dyn_cap8k_min1k_to512,8589934592,4,69.269,10.742,8192
tile256x8_pipe2_iss8,dyn_cap8k_min1k_to512,17179869184,4,69.248,10.738,8192
tile256x8_pipe2_iss8,dyn_cap8k_min1k_to512,65536,8,12.625,13.462,1024
tile256x8_pipe2_iss8,dyn_cap8k_min1k_to512,262144,8,50.147,18.589,2048
tile256x8_pipe2_iss8,dyn_cap8k_min1k_to512,1048576,8,88.772,20.687,8192
tile256x8_pipe2_iss8,dyn_cap8k_min1k_to512,4194304,8,125.394,21.255,8192
tile256x8_pipe2_iss8,dyn_cap8k_min1k_to512,16777216,8,134.745,21.410,8192
tile256x8_pipe2_iss8,dyn_cap8k_min1k_to512,67108864,8,137.772,21.452,8192
tile256x8_pipe2_iss8,dyn_cap8k_min1k_to512,268435456,8,138.409,21.465,8192
tile256x8_pipe2_iss8,dyn_cap8k_min1k_to512,1073741824,8,138.171,21.468,8192
tile256x8_pipe2_iss8,dyn_cap8k_min1k_to512,4294967296,8,137.850,21.467,8192
tile256x8_pipe2_iss8,dyn_cap8k_min1k_to512,8589934592,8,137.865,21.452,8192
tile256x8_pipe2_iss8,dyn_cap8k_min1k_to512,17179869184,8,137.811,21.472,8192
tile256x8_pipe2_iss8,dyn_cap8k_min1k_to512,65536,16,12.881,13.562,1024
tile256x8_pipe2_iss8,dyn_cap8k_min1k_to512,262144,16,50.717,33.071,1024
tile256x8_pipe2_iss8,dyn_cap8k_min1k_to512,1048576,16,182.248,39.704,4096
tile256x8_pipe2_iss8,dyn_cap8k_min1k_to512,4194304,16,218.381,41.900,8192
tile256x8_pipe2_iss8,dyn_cap8k_min1k_to512,16777216,16,258.819,42.570,8192
tile256x8_pipe2_iss8,dyn_cap8k_min1k_to512,67108864,16,270.902,42.767,8192
tile256x8_pipe2_iss8,dyn_cap8k_min1k_to512,268435456,16,273.976,42.836,8192
tile256x8_pipe2_iss8,dyn_cap8k_min1k_to512,1073741824,16,273.991,42.855,8192
tile256x8_pipe2_iss8,dyn_cap8k_min1k_to512,4294967296,16,273.618,42.858,8192
tile256x8_pipe2_iss8,dyn_cap8k_min1k_to512,8589934592,16,273.580,42.852,8192
tile256x8_pipe2_iss8,dyn_cap8k_min1k_to512,17179869184,16,273.543,42.874,8192
tile256x8_pipe2_iss8,dyn_cap8k_min1k_to512,65536,32,12.746,13.482,1024
tile256x8_pipe2_iss8,dyn_cap8k_min1k_to512,262144,32,50.946,53.467,1024
tile256x8_pipe2_iss8,dyn_cap8k_min1k_to512,1048576,32,184.824,73.460,2048
tile256x8_pipe2_iss8,dyn_cap8k_min1k_to512,4194304,32,337.348,81.489,8192
tile256x8_pipe2_iss8,dyn_cap8k_min1k_to512,16777216,32,481.987,84.126,8192
tile256x8_pipe2_iss8,dyn_cap8k_min1k_to512,67108864,32,524.682,85.011,8192
tile256x8_pipe2_iss8,dyn_cap8k_min1k_to512,268435456,32,538.675,85.315,8192
tile256x8_pipe2_iss8,dyn_cap8k_min1k_to512,1073741824,32,540.888,85.415,8192
tile256x8_pipe2_iss8,dyn_cap8k_min1k_to512,4294967296,32,540.730,85.459,8192
tile256x8_pipe2_iss8,dyn_cap8k_min1k_to512,8589934592,32,540.793,85.460,8192
tile256x8_pipe2_iss8,dyn_cap8k_min1k_to512,17179869184,32,540.749,85.453,8192
tile256x8_pipe2_iss8,dyn_cap8k_min1k_to512,65536,64,12.903,13.469,1024
tile256x8_pipe2_iss8,dyn_cap8k_min1k_to512,262144,64,50.617,53.510,1024
tile256x8_pipe2_iss8,dyn_cap8k_min1k_to512,1048576,64,188.371,128.372,1024
tile256x8_pipe2_iss8,dyn_cap8k_min1k_to512,4194304,64,543.485,154.820,4096
tile256x8_pipe2_iss8,dyn_cap8k_min1k_to512,16777216,64,790.862,164.575,8192
tile256x8_pipe2_iss8,dyn_cap8k_min1k_to512,67108864,64,978.631,168.186,8192
tile256x8_pipe2_iss8,dyn_cap8k_min1k_to512,268435456,64,1041.637,169.425,8192
tile256x8_pipe2_iss8,dyn_cap8k_min1k_to512,1073741824,64,1057.373,169.829,8192
tile256x8_pipe2_iss8,dyn_cap8k_min1k_to512,4294967296,64,1060.805,169.978,8192
tile256x8_pipe2_iss8,dyn_cap8k_min1k_to512,8589934592,64,1061.067,169.994,8192
tile256x8_pipe2_iss8,dyn_cap8k_min1k_to512,17179869184,64,1061.391,169.961,8192
tile256x8_pipe2_iss8,dyn_cap8k_min1k_to512,65536,128,12.807,13.509,1024
tile256x8_pipe2_iss8,dyn_cap8k_min1k_to512,262144,128,50.218,53.721,1024
tile256x8_pipe2_iss8,dyn_cap8k_min1k_to512,1048576,128,191.193,195.013,1024
tile256x8_pipe2_iss8,dyn_cap8k_min1k_to512,4194304,128,542.303,278.404,2048
tile256x8_pipe2_iss8,dyn_cap8k_min1k_to512,16777216,128,905.645,312.597,8192
tile256x8_pipe2_iss8,dyn_cap8k_min1k_to512,67108864,128,1328.401,330.371,8192
tile256x8_pipe2_iss8,dyn_cap8k_min1k_to512,268435456,128,1487.198,335.137,8192
tile256x8_pipe2_iss8,dyn_cap8k_min1k_to512,1073741824,128,1540.872,336.340,8192
tile256x8_pipe2_iss8,dyn_cap8k_min1k_to512,4294967296,128,1560.742,337.093,8192
tile256x8_pipe2_iss8,dyn_cap8k_min1k_to512,8589934592,128,1560.915,337.137,8192
tile256x8_pipe2_iss8,dyn_cap8k_min1k_to512,17179869184,128,1564.809,337.220,8192
tile256x8_pipe2_iss8,dyn_cap8k_min1k_to512,65536,256,12.909,13.541,1024
tile256x8_pipe2_iss8,dyn_cap8k_min1k_to512,262144,256,50.934,53.416,1024
tile256x8_pipe2_iss8,dyn_cap8k_min1k_to512,1048576,256,188.594,195.591,1024
tile256x8_pipe2_iss8,dyn_cap8k_min1k_to512,4194304,256,549.610,447.403,1024
tile256x8_pipe2_iss8,dyn_cap8k_min1k_to512,16777216,256,1011.328,579.745,4096
tile256x8_pipe2_iss8,dyn_cap8k_min1k_to512,67108864,256,1316.982,638.684,8192
tile256x8_pipe2_iss8,dyn_cap8k_min1k_to512,268435456,256,1481.549,657.326,8192
tile256x8_pipe2_iss8,dyn_cap8k_min1k_to512,1073741824,256,1522.014,664.350,8192
tile256x8_pipe2_iss8,dyn_cap8k_min1k_to512,4294967296,256,1557.548,665.758,8192
tile256x8_pipe2_iss8,dyn_cap8k_min1k_to512,8589934592,256,1558.674,666.013,8192
tile256x8_pipe2_iss8,dyn_cap8k_min1k_to512,17179869184,256,1566.513,666.190,8192
tile256x8_pipe2_iss8,dyn_cap8k_min1k_to512,65536,512,12.838,13.515,1024
tile256x8_pipe2_iss8,dyn_cap8k_min1k_to512,262144,512,50.477,52.841,1024
tile256x8_pipe2_iss8,dyn_cap8k_min1k_to512,1048576,512,186.634,196.256,1024
tile256x8_pipe2_iss8,dyn_cap8k_min1k_to512,4194304,512,548.301,567.786,1024
tile256x8_pipe2_iss8,dyn_cap8k_min1k_to512,16777216,512,1020.394,948.040,2048
tile256x8_pipe2_iss8,dyn_cap8k_min1k_to512,67108864,512,1266.277,1170.879,8192
tile256x8_pipe2_iss8,dyn_cap8k_min1k_to512,268435456,512,1471.842,1254.551,8192
tile256x8_pipe2_iss8,dyn_cap8k_min1k_to512,1073741824,512,1527.342,1276.559,8192
tile256x8_pipe2_iss8,dyn_cap8k_min1k_to512,4294967296,512,1562.410,1282.798,8192
tile256x8_pipe2_iss8,dyn_cap8k_min1k_to512,8589934592,512,1562.375,1283.414,8192
tile256x8_pipe2_iss8,dyn_cap8k_min1k_to512,17179869184,512,1570.124,1283.927,8192
tile256x8_pipe2_iss2,dyn_cap8k_min1k,1048576,64,187.663,128.725,4096
tile256x8_pipe2_iss2,dyn_cap8k_min1k,67108864,64,503.677,168.237,8192
tile256x8_pipe2_iss2,dyn_cap8k_min1k,17179869184,64,526.661,170.031,8192
tile256x8_pipe2_iss2,dyn_cap8k_min1k,1048576,128,189.789,194.620,2048
tile256x8_pipe2_iss2,dyn_cap8k_min1k,67108864,128,939.454,330.401,8192
tile256x8_pipe2_iss2,dyn_cap8k_min1k,17179869184,128,1033.366,337.321,8192
tile256x8_pipe2_iss2,dyn_cap8k_min1k,1048576,256,189.248,194.285,1024
tile256x8_pipe2_iss2,dyn_cap8k_min1k,67108864,256,1380.948,638.449,8192
tile256x8_pipe2_iss2,dyn_cap8k_min1k,17179869184,256,1608.943,666.460,8192
tile256x8_pipe2_iss2,dyn_cap8k_min1k,1048576,512,187.347,195.073,1024
tile256x8_pipe2_iss2,dyn_cap8k_min1k,67108864,512,1396.663,1168.853,8192
tile256x8_pipe2_iss2,dyn_cap8k_min1k,17179869184,512,1642.158,1283.666,8192
tile256x8_pipe2_iss4,dyn_cap8k_min1k,262144,1,15.197,2.740,8192
tile256x8_pipe2_iss4,dyn_cap8k_min1k,1048576,1,16.493,2.780,8192
tile256x8_pipe2_iss4,dyn_cap8k_min1k,16777216,1,17.266,2.794,8192
tile256x8_pipe2_iss4,dyn_cap8k_min1k,67108864,1,17.339,2.794,8192
tile256x8_pipe2_iss4,dyn_cap8k_min1k,1073741824,1,17.371,2.795,8192
tile256x8_pipe2_iss4,dyn_cap8k_min1k,17179869184,1,17.374,2.796,8192
tile256x8_pipe2_iss4,dyn_cap8k_min1k,262144,2,27.643,5.374,8192
tile256x8_pipe2_iss4,dyn_cap8k_min1k,1048576,2,31.935,5.526,8192
tile256x8_pipe2_iss4,dyn_cap8k_min1k,16777216,2,34.208,5.580,8192
tile256x8_pipe2_iss4,dyn_cap8k_min1k,67108864,2,34.488,5.583,8192
tile256x8_pipe2_iss4,dyn_cap8k_min1k,1073741824,2,34.672,5.584,8192
tile256x8_pipe2_iss4,dyn_cap8k_min1k,17179869184,2,34.688,5.589,8192
tile256x8_pipe2_iss4,dyn_cap8k_min1k,262144,4,47.991,9.892,8192
tile256x8_pipe2_iss4,dyn_cap8k_min1k,1048576,4,59.660,10.563,8192
tile256x8_pipe2_iss4,dyn_cap8k_min1k,16777216,4,65.890,10.734,8192
tile256x8_pipe2_iss4,dyn_cap8k_min1k,67108864,4,66.605,10.744,8192
tile256x8_pipe2_iss4,dyn_cap8k_min1k,1073741824,4,67.167,10.748,8192
tile256x8_pipe2_iss4,dyn_cap8k_min1k,17179869184,4,67.222,10.743,8192
tile256x8_pipe2_iss4,dyn_cap8k_min1k,262144,8,48.299,18.562,4096
tile256x8_pipe2_iss4,dyn_cap8k_min1k,1048576,8,109.117,20.688,8192
tile256x8_pipe2_iss4,dyn_cap8k_min1k,16777216,8,129.163,21.408,8192
tile256x8_pipe2_iss4,dyn_cap8k_min1k,67108864,8,131.917,21.451,8192
tile256x8_pipe2_iss4,dyn_cap8k_min1k,1073741824,8,133.661,21.468,8192
tile256x8_pipe2_iss4,dyn_cap8k_min1k,17179869184,8,133.855,21.464,8192
tile256x8_pipe2_iss4,dyn_cap8k_min1k,262144,16,50.415,33.045,2048
tile256x8_pipe2_iss4,dyn_cap8k_min1k,1048576,16,182.368,39.690,8192
tile256x8_pipe2_iss4,dyn_cap8k_min1k,16777216,16,251.227,42.581,8192
tile256x8_pipe2_iss4,dyn_cap8k_min1k,67108864,16,259.442,42.770,8192
tile256x8_pipe2_iss4,dyn_cap8k_min1k,1073741824,16,265.204,42.852,8192
tile256x8_pipe2_iss4,dyn_cap8k_min1k,17179869184,16,265.918,42.874,8192
tile256x8_pipe2_iss4,dyn_cap8k_min1k,262144,32,51.638,53.464,1024
tile256x8_pipe2_iss4,dyn_cap8k_min1k,1048576,32,180.983,73.613,4096
tile256x8_pipe2_iss4,dyn_cap8k_min1k,16777216,32,471.826,84.108,8192
tile256x8_pipe2_iss4,dyn_cap8k_min1k,67108864,32,503.978,85.016,8192
tile256x8_pipe2_iss4,dyn_cap8k_min1k,1073741824,32,523.188,85.385,8192
tile256x8_pipe2_iss4,dyn_cap8k_min1k,17179869184,32,526.186,85.472,8192
tile256x8_pipe2_iss4,dyn_cap8k_min1k,1048576,64,187.139,128.344,2048
tile256x8_pipe2_iss4,dyn_cap8k_min1k,67108864,64,944.399,168.143,8192
tile256x8_pipe2_iss4,dyn_cap8k_min1k,17179869184,64,1032.213,170.009,8192
tile256x8_pipe2_iss4,dyn_cap8k_min1k,1048576,128,184.454,196.506,1024
tile256x8_pipe2_iss4,dyn_cap8k_min1k,67108864,128,1368.568,330.402,8192
tile256x8_pipe2_iss4,dyn_cap8k_min1k,17179869184,128,1611.281,337.166,8192
tile256x8_pipe2_iss4,dyn_cap8k_min1k,1048576,256,191.110,195.198,1024
tile256x8_pipe2_iss4,dyn_cap8k_min1k,67108864,256,1389.538,638.594,8192
tile256x8_pipe2_iss4,dyn_cap8k_min1k,17179869184,256,1639.263,666.571,8192
tile256x8_pipe2_iss4,dyn_cap8k_min1k,1048576,512,191.229,193.337,1024
tile256x8_pipe2_iss4,dyn_cap8k_min1k,67108864,512,1361.796,1170.384,8192
tile256x8_pipe2_iss4,dyn_cap8k_min1k,17179869184,512,1644.837,1283.552,8192
tile256x16_pipe2_iss8,dyn_cap16k_min1k,67108864,64,988.709,168.189,16384
tile256x16_pipe2_iss8,dyn_cap16k_min1k,17179869184,64,1064.197,169.965,16384
tile256x16_pipe2_iss8,dyn_cap16k_min1k,67108864,128,1262.754,330.484,16384
tile256x16_pipe2_iss8,dyn_cap16k_min1k,17179869184,128,1582.595,337.266,16384
tile256x16_pipe2_iss8,dyn_cap16k_min1k,67108864,256,1208.117,638.694,16384
tile256x16_pipe2_iss8,dyn_cap16k_min1k,17179869184,256,1613.852,666.546,16384
tile256x16_pipe2_iss8,dyn_cap16k_min1k,67108864,512,1232.435,1170.430,8192
tile256x16_pipe2_iss8,dyn_cap16k_min1k,17179869184,512,1632.256,1283.684,16384
tile256x16_pipe2_iss4,dyn_cap16k_min1k,67108864,64,982.387,168.227,16384
tile256x16_pipe2_iss4,dyn_cap16k_min1k,17179869184,64,1076.749,169.994,16384
tile256x16_pipe2_iss4,dyn_cap16k_min1k,67108864,128,1305.945,330.494,16384
tile256x16_pipe2_iss4,dyn_cap16k_min1k,17179869184,128,1553.612,337.150,16384
tile256x16_pipe2_iss4,dyn_cap16k_min1k,67108864,256,1301.962,639.418,16384
tile256x16_pipe2_iss4,dyn_cap16k_min1k,17179869184,256,1561.152,666.693,16384
tile256x16_pipe2_iss4,dyn_cap16k_min1k,67108864,512,1270.034,1169.849,16384
tile256x16_pipe2_iss4,dyn_cap16k_min1k,17179869184,512,1568.051,1283.661,16384
tile256x8_pipe1_iss8,dyn_cap8k_min1k_pilot,262144,1,15.625,2.739,8192
tile256x8_pipe1_iss8,dyn_cap8k_min1k_pilot,1048576,1,17.042,2.780,8192
tile256x8_pipe1_iss8,dyn_cap8k_min1k_pilot,16777216,1,17.816,2.794,8192
tile256x8_pipe1_iss8,dyn_cap8k_min1k_pilot,67108864,1,17.915,2.794,8192
tile256x8_pipe1_iss8,dyn_cap8k_min1k_pilot,1073741824,1,17.976,2.795,8192
tile256x8_pipe1_iss8,dyn_cap8k_min1k_pilot,17179869184,1,17.984,2.792,8192
tile256x8_pipe1_iss8,dyn_cap8k_min1k_pilot,262144,2,28.432,5.372,8192
tile256x8_pipe1_iss8,dyn_cap8k_min1k_pilot,1048576,2,32.739,5.527,8192
tile256x8_pipe1_iss8,dyn_cap8k_min1k_pilot,16777216,2,35.387,5.581,8192
tile256x8_pipe1_iss8,dyn_cap8k_min1k_pilot,67108864,2,35.691,5.584,8192
tile256x8_pipe1_iss8,dyn_cap8k_min1k_pilot,1073741824,2,35.875,5.586,8192
tile256x8_pipe1_iss8,dyn_cap8k_min1k_pilot,17179869184,2,35.904,5.579,8192
tile256x8_pipe1_iss8,dyn_cap8k_min1k_pilot,262144,4,47.972,9.901,8192
tile256x8_pipe1_iss8,dyn_cap8k_min1k_pilot,1048576,4,61.127,10.567,8192
tile256x8_pipe1_iss8,dyn_cap8k_min1k_pilot,16777216,4,68.017,10.731,8192
tile256x8_pipe1_iss8,dyn_cap8k_min1k_pilot,67108864,4,68.900,10.741,8192
tile256x8_pipe1_iss8,dyn_cap8k_min1k_pilot,1073741824,4,69.382,10.745,8192
tile256x8_pipe1_iss8,dyn_cap8k_min1k_pilot,17179869184,4,69.457,10.747,8192
tile256x8_pipe1_iss8,dyn_cap8k_min1k_pilot,262144,8,48.844,18.603,4096
tile256x8_pipe1_iss8,dyn_cap8k_min1k_pilot,1048576,8,110.706,20.694,8192
tile256x8_pipe1_iss8,dyn_cap8k_min1k_pilot,16777216,8,133.478,21.414,8192
tile256x8_pipe1_iss8,dyn_cap8k_min1k_pilot,67108864,8,136.427,21.456,8192
tile256x8_pipe1_iss8,dyn_cap8k_min1k_pilot,1073741824,8,138.132,21.472,8192
tile256x8_pipe1_iss8,dyn_cap8k_min1k_pilot,17179869184,8,138.349,21.488,8192
tile256x8_pipe1_iss8,dyn_cap8k_min1k_pilot,262144,16,50.204,33.014,2048
tile256x8_pipe1_iss8,dyn_cap8k_min1k_pilot,1048576,16,183.101,39.660,8192
tile256x8_pipe1_iss8,dyn_cap8k_min1k_pilot,16777216,16,258.841,42.590,8192
tile256x8_pipe1_iss8,dyn_cap8k_min1k_pilot,67108864,16,268.156,42.774,8192
tile256x8_pipe1_iss8,dyn_cap8k_min1k_pilot,1073741824,16,273.831,42.849,8192
tile256x8_pipe1_iss8,dyn_cap8k_min1k_pilot,17179869184,16,274.600,42.854,8192
tile256x8_pipe1_iss8,dyn_cap8k_min1k_pilot,262144,32,51.665,53.631,1024
tile256x8_pipe1_iss8,dyn_cap8k_min1k_pilot,1048576,32,188.418,73.772,4096
tile256x8_pipe1_iss8,dyn_cap8k_min1k_pilot,16777216,32,486.282,84.129,8192
tile256x8_pipe1_iss8,dyn_cap8k_min1k_pilot,67108864,32,519.675,85.035,8192
tile256x8_pipe1_iss8,dyn_cap8k_min1k_pilot,1073741824,32,540.047,85.409,8192
tile256x8_pipe1_iss8,dyn_cap8k_min1k_pilot,17179869184,32,542.666,85.439,8192
tile256x8_pipe1_iss8,dyn_cap8k_min1k_pilot,67108864,64,976.474,168.268,8192
tile256x8_pipe1_iss8,dyn_cap8k_min1k_pilot,17179869184,64,1063.608,170.079,8192
tile256x8_pipe1_iss8,dyn_cap8k_min1k_pilot,67108864,128,1412.492,330.579,8192
tile256x8_pipe1_iss8,dyn_cap8k_min1k_pilot,17179869184,128,1613.474,337.392,8192
tile256x8_pipe1_iss8,dyn_cap8k_min1k_pilot,67108864,256,1403.988,639.006,8192
tile256x8_pipe1_iss8,dyn_cap8k_min1k_pilot,17179869184,256,1637.637,666.345,8192
tile256x8_pipe1_iss8,dyn_cap8k_min1k_pilot,67108864,512,1370.979,1170.685,8192
tile256x8_pipe1_iss8,dyn_cap8k_min1k_pilot,17179869184,512,1645.219,1282.847,8192
tile256x8_pipe1_iss8,dyn_cap8k_min1k_full,65536,1,12.295,2.592,8192
tile256x8_pipe1_iss8,dyn_cap8k_min1k_full,262144,1,15.688,2.740,8192
tile256x8_pipe1_iss8,dyn_cap8k_min1k_full,1048576,1,16.991,2.780,8192
tile256x8_pipe1_iss8,dyn_cap8k_min1k_full,4194304,1,17.615,2.791,8192
tile256x8_pipe1_iss8,dyn_cap8k_min1k_full,16777216,1,17.820,2.794,8192
tile256x8_pipe1_iss8,dyn_cap8k_min1k_full,67108864,1,17.923,2.794,8192
tile256x8_pipe1_iss8,dyn_cap8k_min1k_full,268435456,1,17.959,2.795,8192
tile256x8_pipe1_iss8,dyn_cap8k_min1k_full,1073741824,1,17.975,2.795,8192
tile256x8_pipe1_iss8,dyn_cap8k_min1k_full,4294967296,1,17.982,2.794,8192
tile256x8_pipe1_iss8,dyn_cap8k_min1k_full,8589934592,1,17.987,2.798,8192
tile256x8_pipe1_iss8,dyn_cap8k_min1k_full,17179869184,1,17.985,2.795,8192
tile256x8_pipe1_iss8,dyn_cap8k_min1k_full,65536,2,12.794,4.843,4096
tile256x8_pipe1_iss8,dyn_cap8k_min1k_full,262144,2,28.451,5.376,8192
tile256x8_pipe1_iss8,dyn_cap8k_min1k_full,1048576,2,32.815,5.525,8192
tile256x8_pipe1_iss8,dyn_cap8k_min1k_full,4194304,2,34.538,5.568,8192
tile256x8_pipe1_iss8,dyn_cap8k_min1k_full,16777216,2,35.388,5.579,8192
tile256x8_pipe1_iss8,dyn_cap8k_min1k_full,67108864,2,35.670,5.582,8192
tile256x8_pipe1_iss8,dyn_cap8k_min1k_full,268435456,2,35.794,5.584,8192
tile256x8_pipe1_iss8,dyn_cap8k_min1k_full,1073741824,2,35.851,5.584,8192
tile256x8_pipe1_iss8,dyn_cap8k_min1k_full,4294967296,2,35.879,5.585,8192
tile256x8_pipe1_iss8,dyn_cap8k_min1k_full,8589934592,2,35.885,5.585,8192
tile256x8_pipe1_iss8,dyn_cap8k_min1k_full,17179869184,2,35.885,5.586,8192
tile256x8_pipe1_iss8,dyn_cap8k_min1k_full,65536,4,12.408,8.305,2048
tile256x8_pipe1_iss8,dyn_cap8k_min1k_full,262144,4,48.719,9.893,8192
tile256x8_pipe1_iss8,dyn_cap8k_min1k_full,1048576,4,60.917,10.564,8192
tile256x8_pipe1_iss8,dyn_cap8k_min1k_full,4194304,4,65.852,10.698,8192
tile256x8_pipe1_iss8,dyn_cap8k_min1k_full,16777216,4,68.122,10.733,8192
tile256x8_pipe1_iss8,dyn_cap8k_min1k_full,67108864,4,68.900,10.744,8192
tile256x8_pipe1_iss8,dyn_cap8k_min1k_full,268435456,4,69.268,10.747,8192
tile256x8_pipe1_iss8,dyn_cap8k_min1k_full,1073741824,4,69.417,10.748,8192
tile256x8_pipe1_iss8,dyn_cap8k_min1k_full,4294967296,4,69.479,10.748,8192
tile256x8_pipe1_iss8,dyn_cap8k_min1k_full,8589934592,4,69.495,10.744,8192
tile256x8_pipe1_iss8,dyn_cap8k_min1k_full,17179869184,4,69.500,10.750,8192
tile256x8_pipe1_iss8,dyn_cap8k_min1k_full,65536,8,12.855,13.487,1024
tile256x8_pipe1_iss8,dyn_cap8k_min1k_full,262144,8,49.954,18.570,4096
tile256x8_pipe1_iss8,dyn_cap8k_min1k_full,1048576,8,112.091,20.691,8192
tile256x8_pipe1_iss8,dyn_cap8k_min1k_full,4194304,8,126.655,21.259,8192
tile256x8_pipe1_iss8,dyn_cap8k_min1k_full,16777216,8,133.430,21.407,8192
tile256x8_pipe1_iss8,dyn_cap8k_min1k_full,67108864,8,136.422,21.448,8192
tile256x8_pipe1_iss8,dyn_cap8k_min1k_full,268435456,8,137.576,21.460,8192
tile256x8_pipe1_iss8,dyn_cap8k_min1k_full,1073741824,8,138.080,21.464,8192
tile256x8_pipe1_iss8,dyn_cap8k_min1k_full,4294967296,8,138.267,21.472,8192
tile256x8_pipe1_iss8,dyn_cap8k_min1k_full,8589934592,8,138.299,21.460,8192
tile256x8_pipe1_iss8,dyn_cap8k_min1k_full,17179869184,8,138.317,21.460,8192
tile256x8_pipe1_iss8,dyn_cap8k_min1k_full,65536,16,13.071,13.524,1024
tile256x8_pipe1_iss8,dyn_cap8k_min1k_full,262144,16,51.065,32.917,2048
tile256x8_pipe1_iss8,dyn_cap8k_min1k_full,1048576,16,181.121,39.723,8192
tile256x8_pipe1_iss8,dyn_cap8k_min1k_full,4194304,16,239.255,41.892,8192
tile256x8_pipe1_iss8,dyn_cap8k_min1k_full,16777216,16,259.079,42.588,8192
tile256x8_pipe1_iss8,dyn_cap8k_min1k_full,67108864,16,268.105,42.781,8192
tile256x8_pipe1_iss8,dyn_cap8k_min1k_full,268435456,16,272.204,42.833,8192
tile256x8_pipe1_iss8,dyn_cap8k_min1k_full,1073741824,16,273.864,42.850,8192
tile256x8_pipe1_iss8,dyn_cap8k_min1k_full,4294967296,16,274.385,42.856,8192
tile256x8_pipe1_iss8,dyn_cap8k_min1k_full,8589934592,16,274.545,42.846,8192
tile256x8_pipe1_iss8,dyn_cap8k_min1k_full,17179869184,16,274.599,42.857,8192
tile256x8_pipe1_iss8,dyn_cap8k_min1k_full,65536,32,13.087,13.489,1024
tile256x8_pipe1_iss8,dyn_cap8k_min1k_full,262144,32,51.709,53.664,1024
tile256x8_pipe1_iss8,dyn_cap8k_min1k_full,1048576,32,187.837,73.727,4096
tile256x8_pipe1_iss8,dyn_cap8k_min1k_full,4194304,32,397.635,81.521,8192
tile256x8_pipe1_iss8,dyn_cap8k_min1k_full,16777216,32,486.068,84.177,8192
tile256x8_pipe1_iss8,dyn_cap8k_min1k_full,67108864,32,519.961,85.053,8192
tile256x8_pipe1_iss8,dyn_cap8k_min1k_full,268435456,32,532.990,85.323,8192
tile256x8_pipe1_iss8,dyn_cap8k_min1k_full,1073741824,32,539.482,85.415,8192
tile256x8_pipe1_iss8,dyn_cap8k_min1k_full,4294967296,32,541.615,85.420,8192
tile256x8_pipe1_iss8,dyn_cap8k_min1k_full,8589934592,32,542.086,85.415,8192
tile256x8_pipe1_iss8,dyn_cap8k_min1k_full,17179869184,32,542.416,85.412,8192
tile256x8_pipe1_iss8,dyn_cap8k_min1k_full,65536,64,13.156,13.474,1024
tile256x8_pipe1_iss8,dyn_cap8k_min1k_full,262144,64,51.993,53.204,1024
tile256x8_pipe1_iss8,dyn_cap8k_min1k_full,1048576,64,192.577,128.889,2048
tile256x8_pipe1_iss8,dyn_cap8k_min1k_full,4194304,64,543.499,154.868,8192
tile256x8_pipe1_iss8,dyn_cap8k_min1k_full,16777216,64,832.939,164.710,8192
tile256x8_pipe1_iss8,dyn_cap8k_min1k_full,67108864,64,979.194,168.236,8192
tile256x8_pipe1_iss8,dyn_cap8k_min1k_full,268435456,64,1034.967,169.462,8192
tile256x8_pipe1_iss8,dyn_cap8k_min1k_full,1073741824,64,1054.253,169.867,8192
tile256x8_pipe1_iss8,dyn_cap8k_min1k_full,4294967296,64,1061.297,169.935,8192
tile256x8_pipe1_iss8,dyn_cap8k_min1k_full,8589934592,64,1062.852,169.966,8192
tile256x8_pipe1_iss8,dyn_cap8k_min1k_full,17179869184,64,1064.020,169.947,8192
tile256x8_pipe1_iss8,dyn_cap8k_min1k_full,65536,128,13.114,13.519,1024
tile256x8_pipe1_iss8,dyn_cap8k_min1k_full,262144,128,52.173,53.380,1024
tile256x8_pipe1_iss8,dyn_cap8k_min1k_full,1048576,128,192.655,195.085,1024
tile256x8_pipe1_iss8,dyn_cap8k_min1k_full,4194304,128,547.242,278.455,4096
tile256x8_pipe1_iss8,dyn_cap8k_min1k_full,16777216,128,1078.681,312.746,8192
tile256x8_pipe1_iss8,dyn_cap8k_min1k_full,67108864,128,1404.632,330.518,8192
tile256x8_pipe1_iss8,dyn_cap8k_min1k_full,268435456,128,1548.816,335.137,8192
tile256x8_pipe1_iss8,dyn_cap8k_min1k_full,1073741824,128,1595.792,336.656,8192
tile256x8_pipe1_iss8,dyn_cap8k_min1k_full,4294967296,128,1609.073,337.073,8192
tile256x8_pipe1_iss8,dyn_cap8k_min1k_full,8589934592,128,1611.559,337.178,8192
tile256x8_pipe1_iss8,dyn_cap8k_min1k_full,17179869184,128,1612.576,337.135,8192
tile256x8_pipe1_iss8,dyn_cap8k_min1k_full,65536,256,13.027,13.511,1024
tile256x8_pipe1_iss8,dyn_cap8k_min1k_full,262144,256,51.442,53.452,1024
tile256x8_pipe1_iss8,dyn_cap8k_min1k_full,1048576,256,193.023,194.197,1024
tile256x8_pipe1_iss8,dyn_cap8k_min1k_full,4194304,256,559.373,447.804,2048
tile256x8_pipe1_iss8,dyn_cap8k_min1k_full,16777216,256,1026.525,580.383,8192
tile256x8_pipe1_iss8,dyn_cap8k_min1k_full,67108864,256,1401.816,639.146,8192
tile256x8_pipe1_iss8,dyn_cap8k_min1k_full,268435456,256,1545.725,657.146,8192
tile256x8_pipe1_iss8,dyn_cap8k_min1k_full,1073741824,256,1610.836,664.177,8192
tile256x8_pipe1_iss8,dyn_cap8k_min1k_full,4294967296,256,1634.249,665.932,8192
tile256x8_pipe1_iss8,dyn_cap8k_min1k_full,8589934592,256,1634.290,666.297,8192
tile256x8_pipe1_iss8,dyn_cap8k_min1k_full,17179869184,256,1637.223,666.622,8192
tile256x8_pipe1_iss8,dyn_cap8k_min1k_full,65536,512,13.136,13.494,1024
tile256x8_pipe1_iss8,dyn_cap8k_min1k_full,262144,512,51.714,53.674,1024
tile256x8_pipe1_iss8,dyn_cap8k_min1k_full,1048576,512,192.726,195.513,1024
tile256x8_pipe1_iss8,dyn_cap8k_min1k_full,4194304,512,558.093,566.230,1024
tile256x8_pipe1_iss8,dyn_cap8k_min1k_full,16777216,512,1062.423,947.602,4096
tile256x8_pipe1_iss8,dyn_cap8k_min1k_full,67108864,512,1359.352,1170.885,8192
tile256x8_pipe1_iss8,dyn_cap8k_min1k_full,268435456,512,1538.993,1254.627,8192
tile256x8_pipe1_iss8,dyn_cap8k_min1k_full,1073741824,512,1610.911,1276.727,8192
tile256x8_pipe1_iss8,dyn_cap8k_min1k_full,4294967296,512,1636.654,1281.921,8192
tile256x8_pipe1_iss8,dyn_cap8k_min1k_full,8589934592,512,1640.034,1283.021,8192
tile256x8_pipe1_iss8,dyn_cap8k_min1k_full,17179869184,512,1644.421,1283.825,8192
tile256x8_pipe1_iss8_unified,dyn_cap8k_min1k_regress,1048576,1,17.023,2.780,8192
tile256x8_pipe1_iss8_unified,dyn_cap8k_min1k_regress,67108864,1,17.916,2.794,8192
tile256x8_pipe1_iss8_unified,dyn_cap8k_min1k_regress,17179869184,1,17.985,2.796,8192
tile256x8_pipe1_iss8_unified,dyn_cap8k_min1k_regress,1048576,8,107.601,20.679,8192
tile256x8_pipe1_iss8_unified,dyn_cap8k_min1k_regress,67108864,8,136.416,21.445,8192
tile256x8_pipe1_iss8_unified,dyn_cap8k_min1k_regress,17179869184,8,138.305,21.467,8192
tile256x8_pipe1_iss8_unified,dyn_cap8k_min1k_regress,1048576,64,190.471,129.392,2048
tile256x8_pipe1_iss8_unified,dyn_cap8k_min1k_regress,67108864,64,981.508,168.208,8192
tile256x8_pipe1_iss8_unified,dyn_cap8k_min1k_regress,17179869184,64,1063.259,169.973,8192
tile256x8_pipe1_iss8_unified,dyn_cap8k_min1k_regress,1048576,128,192.776,197.488,1024
tile256x8_pipe1_iss8_unified,dyn_cap8k_min1k_regress,67108864,128,1412.391,330.684,8192
tile256x8_pipe1_iss8_unified,dyn_cap8k_min1k_regress,17179869184,128,1612.436,337.207,8192
tile256x8_pipe1_iss8_unified,dyn_cap8k_min1k_regress,1048576,512,193.330,197.199,1024
tile256x8_pipe1_iss8_unified,dyn_cap8k_min1k_regress,67108864,512,1367.648,1171.954,8192
tile256x8_pipe1_iss8_unified,dyn_cap8k_min1k_regress,17179869184,512,1644.482,1284.991,8192
